iata,city,secondary
ABR,Aberdeen,SD - United States
ABI,Abilene,TX - United States
ADK,Adak Island,AK - United States
KKI,Akiachak,AK - United States
AKI,Akiak,AK - United States
CAK,Akron/Canton,OH - United States
KQA,Akuton,AK - United States
AUK,Alakanuk,AK - United States
ALM,Alamogordo,NM - United States
ALS,Alamosa,CO - United States
ALB,Albany,NY - United States
CVO,Albany,OR - United States
QWY,Albany,OR - United States
ABQ,Albuquerque,NM - United States
WKK,Aleknagik,AK - United States
AEX,Alexandria,LA - United States
AET,Allakaket,AK - United States
ABE,Allentown,PA - United States
AIA,Alliance,NE - United States
APN,Alpena,MI - United States
AOO,Altoona,PA - United States
AMA,Amarillo,TX - United States
ABL,Ambler,AK - United States
AKP,Anaktueuk,AK - United States
ANC,Anchorage,AK - United States
AGN,Angoon,AK - United States
ANI,Aniak,AK - United States
ANV,Anvik,AK - United States
ATW,Appleton,WI - United States
ACV,Arcata,CA - United States
ARC,Arctic Village,AK - United States
AVL,Asheville,NC - United States
HTS,Ashland,KY - United States
ASE,Aspen,CO - United States
AHN,Athens,GA - United States
AKB,Atka,AK - United States
ATL,Atlanta,GA - United States
AIY,Atlantic City,NJ - United States
ATK,Atqasuk,AK - United States
AGS,Augusta,GA - United States
AUG,Augusta,ME - United States
AUS,Austin,TX - United States
BFL,Bakersfield,CA - United States
BWI,Baltimore,MD - United States
BGR,Bangor,ME - United States
BHB,Bar Harbour,ME - United States
BRW,Barrow,AK - United States
BTI,Barter Island,AK - United States
BTR,Baton Rouge,LA - United States
MBS,Bay City,MI - United States
BPT,Beaumont/Port Arthur,TX - United States
ZBV,Beaver Creek,CO - United States
WBQ,Beaver,AK - United States
BKW,Beckley,WV - United States
BED,Bedford,MA - United States
BLV,Belleville,IL - United States
BLI,Bellingham,WA - United States
BJI,Bemidji,MN - United States
BEH,Benton Harbor,MI - United States
BET,Bethel,AK - United States
ABE,Bethlehem,PA - United States
BTT,Bettles,AK - United States
BIL,Billings,MT - United States
GPT,Biloxi/Gulfport,MS - United States
BGM,Binghamton,NY - United States
KBC,Birch Creek,AK - United States
BHM,Birmingham,AL - United States
BIS,Bismarck,ND - United States
BID,Block Island,RI - United States
BMI,Bloomington,IL - United States
BLF,Bluefield,WV - United States
BOI,Boise,ID - United States
BOS,Boston,MA - United States
XHH,Boulder,CO - United States
WHH,Boulder,CO - United States
WBU,Boulder,CO - United States
BYA,Boundary,AK - United States
BWG,Bowling Green,KY - United States
BZN,Bozeman,MT - United States
BFD,Bradford,PA - United States
BRD,Brainerd,MN - United States
BWD,Brawnwood,TX - United States
QKB,Breckonridge,CO - United States
TRI,Bristol,VA - United States
BKX,Brookings,SD - United States
RBH,Brooks Lodge,AK - United States
BRO,Brownsville,TX - United States
BQK,Brunswick,GA - United States
BKC,Buckland,AK - United States
BUF,Buffalo,NY - United States
IFP,Bullhead City/Laughlin,AZ - United States
BUR,Burbank,CA - United States
BRL,Burlington,IA - United States
BTV,Burlington,VT - United States
BTM,Butte,MT - United States
CAK,Canton/Akron,OH - United States
CGI,Cape Girardeau,MO - United States
LUR,Cape Lisburne,AK - United States
EHM,Cape Newenham,AK - United States
MDH,Carbondale,IL - United States
CLD,Carlsbad,CA - United States
CNM,Carlsbad,NM - United States
MRY,Carmel,CA - United States
CPR,Casper,WY - United States
CDC,Cedar City,UT - United States
CID,Cedar Rapids,IA - United States
CEM,Central,AK - United States
CDR,Chadron,NE - United States
CIK,Chalkyitsik,AK - United States
CMI,Champaign/Urbana,IL - United States
CHS,Charleston,SC - United States
CRW,Charleston,WV - United States
CLT,Charlotte,NC - United States
CHO,Charlottesville,VA - United States
CHA,Chattanooga,TN - United States
CYF,Chefornak,AK - United States
VAK,Chevak,AK - United States
CYS,Cheyenne,WY - United States
CGX,Chicago,IL - United States
CHI,Chicago,IL - United States
MDW,Chicago,IL - United States
ORD,Chicago,IL - United States
CKX,Chicken,AK - United States
CIC,Chico,CA - United States
KCG,Chignik,AK - United States
KCQ,Chignik,AK - United States
KCL,Chignik,AK - United States
CZN,Chisana,AK - United States
HIB,Chisholm/Hibbing,MN - United States
CHU,Chuathbaluk,AK - United States
CVG,Cincinnati,OH - United States
CHP,Circle Hot Springs,AK - United States
IRC,Circle,AK - United States
CLP,Clarks Point,AK - United States
CKB,Clarksburg,WV - United States
PIE,Clearwater/St Petersburg,FL - United States
CLE,Cleveland,OH - United States
CVN,Clovis,NM - United States
COD,Cody/Yellowstone,WY - United States
CFA,Coffee Point,AK - United States
KCC,Coffman Cove,AK - United States
CDB,Cold Bay,AK - United States
CLL,College Station,TX - United States
COS,Colorado Springs,CO - United States
COU,Columbia,MO - United States
CAE,Columbia,SC - United States
CSG,Columbus,GA - United States
GTR,Columbus,MS - United States
CMH,Columbus,OH - United States
CCR,Concord,CA - United States
CNK,Concordia,KS - United States
QCE,Copper Mountain,CO - United States
CDV,Cordova,AK - United States
CRP,Corpus Christi,TX - United States
CEZ,Cortez,CO - United States
CGA,Craig,AK - United States
CEC,Crescent City,CA - United States
CKO,Crooked Creek,AK - United States
CUW,Cube Cove,AK - United States
CBE,Cumberland,MD - United States
DFW,Dallas/Fort Worth,TX - United States
DAY,Dayton,OH - United States
DAB,Daytona Beach,FL - United States
DEC,Decatur,IL - United States
DRG,Deering,AK - United States
DJN,Delta Junction,AK - United States
DEN,Denver,CO - United States
QWM,Denver,CO - United States
DSM,Des Moines,IA - United States
DTT,Detroit,MI - United States
DTW,Detroit,MI - United States
DVL,Devil's Lake,ND - United States
DIK,Dickinson,ND - United States
DLG,Dillingham,AK - United States
DDC,Dodge City,KS - United States
DHN,Dothan,AL - United States
DUJ,Dubois,PA - United States
DBQ,Dubuque,IA - United States
DLH,Duluth,MN - United States
DRO,Durango,CO - United States
RDU,Durham,NC - United States
RDU,Durham/Raleigh,NC - United States
DUT,Dutch Harbor,AK - United States
ABE,Easton,PA - United States
EAU,Eau Claire,WI - United States
EDA,Edna Bay,AK - United States
EEK,Eek,AK - United States
KKU,Ekuk,AK - United States
KEK,Ekwok,AK - United States
IPL,El Centro,CA - United States
ELD,El Dorado,AR - United States
ELP,El Paso,TX - United States
ELV,Elfin Cove,AK - United States
ELI,Elim,AK - United States
EKO,Elko,NV - United States
ELM,Elmira,NY - United States
LYU,Ely,MN - United States
EMK,Emmonak,AK - United States
BGM,Endicott,NY - United States
WDG,Enid,OK - United States
ERI,Erie,PA - United States
ESC,Escanaba,MI - United States
EUG,Eugene,OR - United States
ACV,Eureka/Arcata,CA - United States
EUE,Eureka,NV - United States
EVV,Evansville,IN - United States
FAI,Fairbanks,AK - United States
FAR,Fargo,ND - United States
FYV,Fayetteville,AR - United States
XNA,Fayetteville,AR - United States
FAY,Fayetteville,NC - United States
FLG,Flagstaff,AZ - United States
FNT,Flint,MI - United States
FLO,Florence,SC - United States
MSL,Florence/Muscle Shoals/Sheffield,AL - United States
FNL,Fort Collins/Loveland,CO - United States
QWF,Fort Collins/Loveland,CO - United States
FOD,Fort Dodge,IA - United States
FLL,Fort Lauderdale,FL - United States
TBN,Fort Leonard Wood,MO - United States
RSW,Fort Myers,FL - United States
FSM,Fort Smith,AR - United States
VPS,Fort Walton Beach,FL - United States
FWA,Fort Wayne,IN - United States
DFW,Fort Worth/Dallas,TX - United States
FKL,Franklin,PA - United States
FAT,Fresno,CA - United States
GNV,Gainesville,FL - United States
GUP,Gallup,NM - United States
GCK,Garden City,KS - United States
GYY,Gary,IN - United States
GCC,Gillette,WY - United States
GGG,Gladewater/Kilgore,TX - United States
GGW,Glasgow,MT - United States
GDV,Glendive,MT - United States
GLV,Golovin,AK - United States
GNU,Goodnews Bay,AK - United States
JGC,Grand Canyon,AZ - United States
GCN,Grand Canyon,AZ - United States
GFK,Grand Forks,ND - United States
GRI,Grand Island,NE - United States
GJT,Grand Junction,CO - United States
GRR,Grand Rapids,MI - United States
GPZ,Grand Rapids,MN - United States
KGX,Grayling,AK - United States
GTF,Great Falls,MT - United States
GRB,Green Bay,WI - United States
GSO,Greensboro,NC - United States
GLH,Greenville,MS - United States
PGV,Greenville,NC - United States
GSP,Greenville/Spartanburg,SC - United States
GON,Groton/New London,CT - United States
GPT,Gulfport,MS - United States
GUC,Gunnison,CO - United States
GST,Gustavus,AK - United States
HGR,Hagerstown,MD - United States
SUN,Hailey,ID - United States
HNS,Haines,AK - United States
PHF,Hampton,VA - United States
HNM,Hana,HI - United States
PAK,Hanapepe,HI - United States
CMX,Hancock,MI - United States
LEB,Hanover,NH - United States
HRL,Harlingen,TX - United States
MDT,Harrisburg,PA - United States
HRO,Harrison,AR - United States
BDL,Hartford,CT - United States
HAE,Havasupai,AZ - United States
HVR,Havre,MT - United States
HDN,Hayden,CO - United States
HYS,Hays,KS - United States
HKB,Healy Lake,AK - United States
HLN,Helena,MT - United States
AVL,Hendersonville,NC - United States
HIB,Hibbing/Chisholm,MN - United States
HKY,Hickory,NC - United States
GSO,High Point,NC - United States
ITO,Hilo,HI - United States
HHH,Hilton Head,SC - United States
HBB,Hobbs,NM - United States
HYL,Hollis,AK - United States
HCR,Holy Cross,AK - United States
HOM,Homer,AK - United States
HNL,Honolulu,HI - United States
MKK,Hoolehua,HI - United States
HNH,Hoonah,AK - United States
HPB,Hooper Bay,AK - United States
HOT,Hot Springs,AR - United States
HOU,Houston,TX - United States
HOU,Houston,TX - United States
IAH,Houston,TX - United States
HUS,Hughes,AK - United States
HTS,Huntington,WV - United States
HSV,Huntsville,AL - United States
HON,Huron,SD - United States
HSL,Huslia,AK - United States
HYA,Hyannis,MA - United States
HYG,Hydaburg,AK - United States
IDA,Idaho Falls,ID - United States
IGG,Igiugig,AK - United States
ILI,Iliamna,AK - United States
IPL,Imperial,CA - United States
IND,Indianapolis,IN - United States
INL,International Falls,MN - United States
IYK,Inyokern,CA - United States
IMT,Iron Mountain,MI - United States
IWD,Ironwood,MI - United States
ISP,Islip,NY - United States
ITH,Ithaca,NY - United States
JAC,Jackson Hole,WY - United States
JAN,Jackson,MS - United States
MKL,Jackson,TN - United States
JAX,Jacksonville,FL - United States
OAJ,Jacksonville,NC - United States
JMS,Jamestown,ND - United States
JHW,Jamestown,NY - United States
JVL,Janesville,WI - United States
BGM,Johnson City,NY - United States
TRI,Johnson City,TN - United States
JST,Johnstown,PA - United States
JBR,Jonesboro,AR - United States
JLN,Joplin,MO - United States
JNU,Juneau,AK - United States
OGG,Kahului,HI - United States
KAE,Kake,AK - United States
KNK,Kakhonak,AK - United States
AZO,Kalamazoo,MI - United States
LUP,Kalaupapa,HI - United States
KLG,Kalskag,AK - United States
KAL,Kaltag,AK - United States
MUE,Kamuela,HI - United States
MCI,Kansas City,MO - United States
JHM,Kapalua,HI - United States
KXA,Kasaan,AK - United States
KUK,Kasigluk,AK - United States
LIH,Kauai Island/Lihue,HI - United States
EAR,Kearney,NE - United States
EEN,Keene,NH - United States
ENA,Kenai,AK - United States
KTN,Ketchikan,AK - United States
EYW,Key West,FL - United States
QKS,Keystone,CO - United States
IAN,Kiana,AK - United States
GGG,Kilgore/Gladewater,TX - United States
ILE,Killeen,TX - United States
KVC,King Cove,AK - United States
AKN,King Salmon,AK - United States
IGM,Kingman,AZ - United States
TRI,Kingsport,TN - United States
KPN,Kipnuk,AK - United States
IRK,Kirksville,MO - United States
KVL,Kivalina,AK - United States
LMT,Klamath Falls,OR - United States
KLW,Klawock,AK - United States
TYS,Knoxville,TN - United States
OBU,Kobuk,AK - United States
ADQ,Kodiak,AK - United States
KOA,Kona,HI - United States
KKH,Kongiganak,AK - United States
KOT,Kotlik,AK - United States
OTZ,Kotzebue,AK - United States
KYU,Koyukuk,AK - United States
KWT,Kwethluk,AK - United States
KWK,Kwigillingok,AK - United States
LSE,La Crosse,WI - United States
LAF,Lafayette,IN - United States
LFT,Lafayette,LA - United States
LCH,Lake Charles,LA - United States
HII,Lake Havasu City,AZ - United States
LMA,Lake Minchumina,AK - United States
LNY,Lanai City,HI - United States
LNS,Lancaster,PA - United States
LAN,Lansing,MI - United States
LAR,Laramie,WY - United States
LRD,Laredo,TX - United States
LAS,Las Vegas,NV - United States
LBE,Latrobe,PA - United States
PIB,Laurel,MS - United States
LAW,Lawton,OK - United States
LEB,Lebanon,NH - United States
KLL,Levelock,AK - United States
LWB,Lewisburg,WV - United States
LWS,Lewiston,ID - United States
LWT,Lewistown,MT - United States
LEX,Lexington,KY - United States
LBL,Liberal,KS - United States
LIH,Lihue,HI - United States
LNK,Lincoln,NE - United States
LIT,Little Rock,AR - United States
LGB,Long Beach,CA - United States
GGG,Longview,TX - United States
LPS,Lopez Island,WA - United States
LAX,Los Angeles,CA - United States
SDF,Louisville,KY - United States
NL),Loveland/Fort Collins,CO - United States
QWF,Loveland/Fort Collins,CO - United States
LBB,Lubbock,TX - United States
MCN,Macon,GA - United States
MSN,Madison,WI - United States
MDJ,Madras,OR - United States
MHT,Manchester,NH - United States
MHK,Manhattan,KS - United States
MBL,Manistee,MI - United States
MKT,Mankato,MN - United States
MLY,Manley Hot Springs,AK - United States
KMO,Manokotak,AK - United States
PKB,Marietta,OH - United States
MWA,Marion,IL - United States
MQT,Marquette,MI - United States
MLL,Marshall,AK - United States
MVY,Martha's Vineyard,MA - United States
AOO,Martinsburg,PA - United States
MCW,Mason City,IA - United States
MSS,Massena,NY - United States
OGG,Maui,HI - United States
MFE,Mcallen,TX - United States
MCK,Mccook,NE - United States
MCG,Mcgrath,AK - United States
MFR,Medford,OR - United States
MYU,Mekoryuk,AK - United States
MLB,Melbourne,FL - United States
MEM,Memphis,TN - United States
MCE,Merced,CA - United States
MEI,Meridian,MS - United States
MTM,Metlakatla,AK - United States
WMK,Meyers Chuck,AK - United States
MIA,Miami,FL - United States
MPB,Miami,FL - United States
MBS,Midland,MI - United States
MAF,Midland/Odessa,TX - United States
MLS,Miles City,MT - United States
MKE,Milwaukee,WI - United States
MSP,Minneapolis,MN - United States
MOT,Minot,ND - United States
MNT,Minto,AK - United States
MFE,Mission,TX - United States
MSO,Missoula,MT - United States
CNY,Moab,UT - United States
MOB,Mobile,AL - United States
MOD,Modesto,CA - United States
MLI,Moline,IL - United States
MLU,Monroe,LA - United States
MRY,Monterey,CA - United States
MGM,Montgomery,AL - United States
MTJ,Montrose,CO - United States
MGW,Morgantown,WV - United States
MWH,Moses Lake,WA - United States
WMH,Mountain Home,AR - United States
MOU,Mountain Village,AK - United States
MSL,Muscle Shoals,AL - United States
MKG,Muskegon,MI - United States
MYR,Myrtle Beach,SC - United States
ACK,Nantucket,MA - United States
WNA,Napakiak,AK - United States
PKA,Napaskiak,AK - United States
APF,Naples,FL - United States
BNA,Nashville,TN - United States
NKI,Naukiti,AK - United States
NLG,Nelson Lagoon,AK - United States
NCN,New Chenega,AK - United States
HVN,New Haven,CT - United States
KGK,New Koliganek,AK - United States
GON,New London,CT - United States
MSY,New Orleans,LA - United States
KNW,New Stuyahok,AK - United States
NYC,New York,NY - United States
JFK,New York,NY - United States
LGA,New York,NY - United States
EWR,Newark,NJ - United States
SWF,Newburgh/Stewart Field,NY - United States
PHF,Newport News,VA - United States
WWT,Newtok,AK - United States
NME,Nightmute,AK - United States
NIB,Nikolai,AK - United States
IKO,Nikolski,AK - United States
WTK,Noatak,AK - United States
OME,Nome,AK - United States
NNL,Nondalton,AK - United States
ORV,Noorvik,AK - United States
OFK,Norfolk,NE - United States
ORF,Norfolk,VA - United States
OTH,North Bend,OR - United States
LBF,North Platte,NE - United States
ORT,Northway,AK - United States
NUI,Nuiqsut,AK - United States
NUL,Nulato,AK - United States
NUP,Nunapitchuk,AK - United States
OAK,Oakland,CA - United States
MAF,Odessa/Midland,TX - United States
OGS,Ogdensburg,NY - United States
OKC,Oklahoma City,OK - United States
OMA,Omaha,NE - United States
ONT,Ontario,CA - United States
SNA,Orange County,CA - United States
ORL,Orlando,FL - United States
MCO,Orlando,FL - United States
OSH,Oshkosh,WI - United States
OTM,Ottumwa,IA - United States
OWB,Owensboro,KY - United States
OXR,Oxnard/Ventura,CA - United States
PAH,Paducah,KY - United States
PGA,Page,AZ - United States
PSP,Palm Springs,CA - United States
PFN,Panama City,FL - United States
PKB,Parkersburg,WV - United States
PSC,Pasco,WA - United States
PDB,Pedro Bay,AK - United States
PEC,Pelican,AK - United States
PLN,Pellston,MI - United States
PDT,Pendleton,OR - United States
PNS,Pensacola,FL - United States
PIA,Peoria,IL - United States
KPV,Perryville,AK - United States
PSG,Petersburg,AK - United States
PHL,Philadelphia,PA - United States
TTN,Philadelphia,PA - United States
PHX,Phoenix,AZ - United States
PIR,Pierre,SD - United States
UGB,Pilot Point,AK - United States
PIP,Pilot Point,AK - United States
PQS,Pilot Station,AK - United States
PIT,Pittsburgh,PA - United States
PTU,Platinum,AK - United States
PLB,Plattsburgh,NY - United States
PIH,Pocatello,ID - United States
KPB,Point Baker,AK - United States
PHO,Point Hope,AK - United States
PIZ,Point Lay,AK - United States
PNC,Ponca City,OK - United States
PSE,Ponce,Pu - United States
PTA,Port Alsworth,AK - United States
CLM,Port Angeles,WA - United States
BPT,Port Arthur/Beaumont,TX - United States
KPC,Port Clarence,AK - United States
PTH,Port Heiden,AK - United States
PML,Port Moller,AK - United States
PPV,Port Protection,AK - United States
PCA,Portage Creek,AK - United States
PWM,Portland,ME - United States
PDX,Portland,OR - United States
PSM,Portsmouth,NH - United States
POU,Poughkeepsie,NY - United States
PRC,Prescott,AZ - United States
PQI,Presque Isle,ME - United States
BLF,Princeton,WV - United States
PVD,Providence,RI - United States
PVC,Provincetown,MA - United States
SCC,Prudhoe Bay/Deadhorse,AK - United States
PUB,Pueblo,CO - United States
PUW,Pullman,WA - United States
UIN,Quincy,IL - United States
KWN,Quinhagak,AK - United States
RDU,Raleigh/Durham,NC - United States
RMP,Rampart,AK - United States
RAP,Rapid City,SD - United States
RDG,Reading,PA - United States
RDV,Red Devil,AK - United States
RDD,Redding,CA - United States
RDM,Redmond,OR - United States
RNO,Reno,NV - United States
RHI,Rhinelander,WI - United States
RIC,Richmond,VA - United States
RIW,Riverton,WY - United States
ROA,Roanoke,VA - United States
RCE,Roche Harbor,WA - United States
RST,Rochester,MN - United States
ROC,Rochester,NY - United States
RKS,Rock Springs,WY - United States
ZRF,Rockford,IL - United States
ZRK,Rockford,IL - United States
RKD,Rockland,ME - United States
RSJ,Rosario,WA - United States
ROW,Roswell,NM - United States
RBY,Ruby,AK - United States
RSH,Russian Mission,AK - United States
RUT,Rutland,VT - United States
SMF,Sacramento,CA - United States
MBS,Saginaw,MI - United States
STC,Saint Cloud,MN - United States
STG,Saint George Island,AK - United States
SGU,Saint George,UT - United States
STL,Saint Louis,MO - United States
KSM,Saint Mary's,AK - United States
SMK,Saint Michael,AK - United States
SNP,Saint Paul Island,AK - United States
SLE,Salem,OR - United States
SLN,Salina,KS - United States
SBY,Salisbury-Ocean City,MD - United States
SLC,Salt Lake City,UT - United States
SJT,San Angelo,TX - United States
SAT,San Antonio,TX - United States
SAN,San Diego,CA - United States
SFO,San Francisco,CA - United States
SJC,San Jose,CA - United States
SJU,San Juan,Pu - United States
SBP,San Luis Obispo,CA - United States
SDP,Sand Point,AK - United States
SNA,Santa Ana,CA - United States
SBA,Santa Barbara,CA - United States
SAF,Santa Fe,NM - United States
SMX,Santa Maria,CA - United States
STS,Santa Rosa,CA - United States
SLK,Saranac Lake,NY - United States
SRQ,Sarasota,FL - United States
CIU,Sault Ste Marie,MI - United States
SAV,Savannah,GA - United States
SVA,Savoonga,AK - United States
SCM,Scammon Bay,AK - United States
BFF,Scottsbluff,NE - United States
SDL,Scottsdale,AZ - United States
AVP,Scranton,PA - United States
LKE,Seattle,WA - United States
SEA,Seattle,WA - United States
WLK,Selawik,AK - United States
SWD,Seward,AK - United States
SHX,Shageluk,AK - United States
SKK,Shaktoolik,AK - United States
MSL,Sheffield/Florence/Muscle Shoals,AL - United States
SXP,Sheldon Point,AK - United States
SHR,Sheridan,WY - United States
SHH,Shishmaref,AK - United States
SHV,Shreveport,LA - United States
SHG,Shungnak,AK - United States
SVC,Silver City,NM - United States
SUX,Sioux City,IA - United States
FSD,Sioux Falls,SD - United States
SIT,Sitka,AK - United States
SGY,Skagway,AK - United States
SLQ,Sleetmore,AK - United States
SBN,South Bend,IN - United States
WSN,South Naknek,AK - United States
SOP,Southern Pines,NC - United States
GSP,Spartanburg/Greenville,SC - United States
GEG,Spokane,WA - United States
SPI,Springfield,IL - United States
SGF,Springfield,MO - United States
PIE,St Petersburg/Clearwater,FL - United States
SCE,State College/University Park,PA - United States
SHD,Staunton,VA - United States
SBS,Steamboat Springs,CO - United States
WBB,Stebbins,AK - United States
CWA,Stevens Point/Wausau,WI - United States
SVS,Stevens Village,AK - United States
SWF,Stewart Field/Newburgh,NY - United States
SCK,Stockton,CA - United States
SRV,Stony River,AK - United States
SUN,Sun Valley,ID - United States
SYR,Syracuse,NY - United States
TCT,Takotna,AK - United States
TKA,Talkeetna,AK - United States
TLH,Tallahassee,FL - United States
TPA,Tampa,FL - United States
TAL,Tanana,AK - United States
TSM,Taos,NM - United States
TEK,Tatitlek,AK - United States
KTS,Teller Mission,AK - United States
TEX,Telluride,CO - United States
TKE,Tenakee Springs,AK - United States
HUF,Terre Haute,IN - United States
TEH,Tetlin,AK - United States
TXK,Texarkana,AR - United States
TVF,Thief River Falls,MN - United States
KTB,Thorne Bay,AK - United States
TNC,Tin City,AK - United States
TOG,Togiak Village,AK - United States
TKJ,Tok,AK - United States
OOK,Toksook Bay,AK - United States
TOL,Toledo,OH - United States
FOE,Topeka,KS - United States
TVC,Traverse City,MI - United States
TTN,Trenton/Mercer,NJ - United States
TUS,Tucson,AZ - United States
TUL,Tulsa,OK - United States
TLT,Tuluksak,AK - United States
WTL,Tuntutuliak,AK - United States
TNK,Tununak,AK - United States
TUP,Tupelo,MS - United States
TCL,Tuscaloosa,AL - United States
TWF,Twin Falls,ID - United States
TWA,Twin Hills,AK - United States
TYR,Tyler,TX - United States
UNK,Unalakleet,AK - United States
CMI,Urbana/Champaign,IL - United States
UCA,Utica,NY - United States
UTO,Utopia Creek,AK - United States
EGE,Vail,CO - United States
QBF,Vail,CO - United States
VDZ,Valdez,AK - United States
VLD,Valdosta,GA - United States
VPS,Valparaiso,FL - United States
VEE,Venetie,AK - United States
OXR,Ventura/Oxnard,CA - United States
VEL,Vernal,UT - United States
VCT,Victoria,TX - United States
VIS,Visalia,CA - United States
ACT,Waco,TX - United States
AIN,Wainwright,AK - United States
WAA,Wales,AK - United States
ALW,Walla Walla,WA - United States
WAS,Washington DC,DC - United States
IAD,Washington DC,DC - United States
DCA,Washington DC,DC - United States
KWF,Waterfall,AK - United States
ALO,Waterloo,IA - United States
ART,Watertown,NY - United States
ATY,Watertown,SD - United States
CWA,Wausau/Stevens Point,WI - United States
EAT,Wenatchee,WA - United States
PBI,West Palm Beach,FL - United States
WYS,West Yellowstone,MT - United States
HPN,Westchester County,NY - United States
WST,Westerly,RI - United States
WSX,Westsound,WA - United States
WWP,Whale Pass,AK - United States
WMO,White Mountain,AK - United States
LEB,White River,VT - United States
SPS,Wichita Falls,TX - United States
ICT,Wichita,KS - United States
AVP,Wilkes Barre,PA - United States
PHF,Williamsburg,VA - United States
IPT,Williamsport,PA - United States
ISN,Williston,ND - United States
ILM,Wilmington,NC - United States
BDL,Windsor Locks,CT - United States
ORH,Worcester,MA - United States
WRL,Worland,WY - United States
WRG,Wrangell,AK - United States
YKM,Yakima,WA - United States
YAK,Yakutat,AK - United States
COD,Yellowstone/Cody,WY - United States
YNG,Youngstown,OH - United States
YUM,Yuma,AZ - United States
YXX,Abbotsford,BC - United States
AKV,Akulivik,QC - Canada
XLY,Aldershot,ON - Canada
XFS,Alexandria,ON - Canada
YTF,Alma,QC - Canada
YAA,Anahim Lake,BC - Canada
YAX,Angling Lake,ON - Canada
YAB,Arctic Bay,NU - Canada
YEK,Arviat,NU - Canada
YAT,Attawapiskat,ON - Canada
YPJ,Aupaluk,QC - Canada
YBG,Bagotville,QC - Canada
YBC,Baie Comeau,QC - Canada
YBK,Baker Lake,NU - Canada
ZBF,Bathhurst,NB - Canada
XBE,Bearskin Lake,ON - Canada
ZEL,Bella Bella,BC - Canada
QBC,Bella Coola,BC - Canada
XVV,Belleville,ON - Canada
YBV,Berens River,MB - Canada
YTL,Big Trout,ON - Canada
YBI,Black Tickle,NL - Canada
YBX,Blanc Sablon,QC - Canada
YVB,Bonaventure,QC - Canada
XPN,Brampton,ON - Canada
YBR,Brandon,MB - Canada
XFV,Brantford,ON - Canada
YBT,Brochet,MB - Canada
XBR,Brockville,ON - Canada
YPZ,Burns Lake,BC - Canada
YYC,Calgary,AB - Canada
YCB,Cambridge Bay,NU - Canada
YBL,Campbell River,BC - Canada
XAZ,Campbellton,NB - Canada
YTE,Cape Dorset,NU - Canada
XAW,Capreol,ON - Canada
YRF,Cartwright,NL - Canada
XZB,Casselman,ON - Canada
YCG,Castlegar,BC - Canada
YAC,Cat Lake,ON - Canada
XCI,Chambord,QC - Canada
XDL,Chandler,QC - Canada
YLD,Chapleau,ON - Canada
YHG,Charlottetown,NL - Canada
YYG,Charlottetown,PE - Canada
XCM,Chatham,ON - Canada
XHS,Chemainus,BC - Canada
YCS,Chesterfield Inlet,NU - Canada
YHR,Chevery,QC - Canada
YMT,Chibougamau,QC - Canada
YKU,Chisasibi,QC - Canada
ZUM,Churchill Falls,NL - Canada
XAD,Churchill,MB - Canada
YYQ,Churchill,MB - Canada
YCY,Clyde River,NU - Canada
XGJ,Cobourg,ON - Canada
YCK,Colville Lake,NT - Canada
YQQ,Comox,BC - Canada
YZS,Coral Harbour,NU - Canada
YCC,Cornwall,ON - Canada
XGK,Coteau,QC - Canada
YCA,Courtenay,BC - Canada
YXC,Cranbrook,BC - Canada
YCR,Cross Lake,MB - Canada
YDN,Dauphin,MB - Canada
YDI,Davis Inlet,NL - Canada
YDA,Dawson City,YT - Canada
YDQ,Dawson Creek,BC - Canada
YDF,Deer Lake,NL - Canada
YVZ,Deer Lake,ON - Canada
YWJ,Deline,NT - Canada
XDM,Drummondville,QC - Canada
YHD,Dryden,ON - Canada
DUQ,Duncan/Quam,BC - Canada
ZEM,East Main,QC - Canada
XZL,Edmonton,AB - Canada
YEG,Edmonton,AB - Canada
YPF,Esquimalt,BC - Canada
YFO,Flin Flon,MB - Canada
ZFD,Fond du Lac,SK - Canada
YFA,Fort Albany,ON - Canada
YPY,Fort Chipewyan,AB - Canada
YAG,Fort Frances,ON - Canada
YGH,Fort Good Hope,NT - Canada
YFH,Fort Hope,ON - Canada
YMM,Fort Mcmurray,AB - Canada
YYE,Fort Nelson,BC - Canada
YER,Fort Severn,ON - Canada
YFS,Fort Simpson,NT - Canada
YSM,Fort Smith,NT - Canada
YXJ,Fort St John,BC - Canada
YFX,Fox Harbour/St Lewis,NL - Canada
XFC,Fredericton Junction,NB - Canada
YFC,Fredericton,NB - Canada
YQX,Gander,NL - Canada
XDD,Gaspe,QC - Canada
YGP,Gaspe,QC - Canada
XHM,Georgetown,ON - Canada
ZGS,Gethsemani,QC - Canada
YGX,Gillam,MB - Canada
YGB,Gillies Bay,BC - Canada
YHK,Gjoa Haven,NU - Canada
XZC,Glencoe,ON - Canada
YGO,Gods Narrows,MB - Canada
ZGI,Gods River,MB - Canada
YYR,Goose Bay,NL - Canada
YQU,Grande Prairie,AB - Canada
XGY,Grimsby,ON - Canada
YGZ,Grise Fiord,NU - Canada
XIA,Guelph,ON - Canada
XDG,Halifax,NS - Canada
YHZ,Halifax,NS - Canada
YUX,Hall Beach,NU - Canada
YHM,Hamilton,ON - Canada
YGV,Havre St Pierre,QC - Canada
YHY,Hay River,NT - Canada
XDU,Hervey,QC - Canada
YOJ,High Level,AB - Canada
YHI,Holman,NT - Canada
YHO,Hopedale,NL - Canada
ZHO,Houston,BC - Canada
YHB,Hudson Bay,SK - Canada
YGT,Igloolik,NU - Canada
YGR,Iles De La Madeleine,QC - Canada
ILF,Ilford,MB - Canada
XIB,Ingersoll,ON - Canada
YPH,Inukjuak,QC - Canada
YEV,Inuvik,NT - Canada
YFB,Iqaluit,NU - Canada
YIV,Island Lake,NA - Canada
YIK,Ivujivik,QC - Canada
XDH,Jasper,AB - Canada
XJL,Joliette,QC - Canada
XJQ,Jonquiere,QC - Canada
YKA,Kamloops,BC - Canada
XGR,Kangiqsualujjuaq,QC - Canada
YWB,Kangiqsujuaq,QC - Canada
YKG,Kangirsuk,QC - Canada
YYU,Kapuskasing,ON - Canada
XKS,Kasabonika,ON - Canada
ZKE,Kaschechewan,ON - Canada
KEW,Keewaywin,ON - Canada
ZKG,Kegaska,QC - Canada
YLW,Kelowna,BC - Canada
YQK,Kenora,ON - Canada
YLC,Kimmirut,NU - Canada
KIF,Kingfisher Lake,ON - Canada
XEG,Kingston,ON - Canada
YGK,Kingston,ON - Canada
YKF,Kitchener,ON - Canada
YKT,Klemtu,BC - Canada
YBB,Kugaaruk,NU - Canada
YCO,Kugluktuk/Coppermine,NU - Canada
YVP,Kuujjuaq,QC - Canada
YGW,Kuujjuarapik,QC - Canada
YGL,La Grande,QC - Canada
YVC,La Ronge,SK - Canada
ZLT,La Tabatiere,QC - Canada
YLQ,La Tuque,QC - Canada
XLB,Lac Brochet,MB - Canada
XEE,Lac Edouard,QC - Canada
XEH,Ladysmith,BC - Canada
XEJ,Langford,BC - Canada
YLH,Lansdowne House,ON - Canada
YLR,Leaf Rapids,MB - Canada
YQL,Lethbridge,AB - Canada
YLL,Lloydminister,AB - Canada
XDQ,London,ON - Canada
YXU,London,ON - Canada
YSG,Lutselke/Snowdrift,NT - Canada
YMH,Mary's Harbour,NL - Canada
XID,Maxville,ON - Canada
YXH,Medicine Hat,AB - Canada
XEK,Melville,SK - Canada
XEY,Miramichi,NB - Canada
XDP,Moncton,NB - Canada
YQM,Moncton,NB - Canada
YYY,Mont Joli,QC - Canada
XAX,Montreal,QC - Canada
YMY,Montreal,QC - Canada
XLM,Montreal,QC - Canada
YMQ,Montreal,QC - Canada
YUL,Montreal,QC - Canada
YMX,Montreal,QC - Canada
YMO,Moosonee,ON - Canada
MSA,Muskrat Dam,ON - Canada
YDP,Nain,NL - Canada
YQN,Nakina,ON - Canada
ZNA,Nanaimo,BC - Canada
YCD,Nanaimo,BC - Canada
YSR,Nanisivik,NU - Canada
XIF,Napanee,ON - Canada
YNA,Natashquan,QC - Canada
YNS,Nemiscau,QC - Canada
XEL,New Carlisle,QC - Canada
XEM,New Richmond,QC - Canada
XLV,Niagara Falls,ON - Canada
YUY,Noranda/Rouyn,QC - Canada
YVQ,Norman Wells,NT - Canada
YYB,North Bay,ON - Canada
YNO,North Spirit Lake,ON - Canada
YNE,Norway House,MB - Canada
YOG,Ogoki,ON - Canada
YOC,Old Crow,YT - Canada
YBS,Opapamiska Lake,ON - Canada
YOO,Oshawa,ON - Canada
XDS,Ottawa,ON - Canada
YOW,Ottawa,ON - Canada
YOH,Oxford House,MB - Canada
YIF,Pakuashipi,QC - Canada
YXP,Pangnirtung,NU - Canada
XFE,Parent,QC - Canada
XPB,Parksville,BC - Canada
YPC,Paulatuk,NT - Canada
YPE,Peace River,AB - Canada
YPO,Peawanuck,ON - Canada
YTA,Pembroke,ON - Canada
YYF,Penticton,BC - Canada
XFG,Perce,QC - Canada
YPL,Pickle Lake,ON - Canada
YPM,Pikangikum,ON - Canada
XPX,Pointe-aux-Trembles,QC - Canada
YNL,Points North Landing,SK - Canada
YIO,Pond Inlet,NU - Canada
YHP,Poplar Hill,ON - Canada
YPB,Port Alberni,BC - Canada
YZT,Port Hardy,BC - Canada
YHA,Port Hope Simpson,NL - Canada
YPN,Port Meiner,QC - Canada
YSO,Postville,NL - Canada
YPX,Povungnituk,QC - Canada
YPW,Powell River,BC - Canada
XII,Prescott,ON - Canada
YPA,Prince Albert,SK - Canada
XDV,Prince George,BC - Canada
YXS,Prince George,BC - Canada
XDW,Prince Rupert,BC - Canada
YPR,Prince Rupert,BC - Canada
XPK,Pukatawagan,MB - Canada
YVM,Qikiqtarjuaq,NU - Canada
XQU,Qualicum,BC - Canada
YQC,Quaqtaq,QC - Canada
YQB,Quebec,QC - Canada
YFZ,Quebec,QC - Canada
XLK,Quebec,QC - Canada
XLJ,Quebec,QC - Canada
XFY,Quebec,QC - Canada
YQZ,Quesnel,BC - Canada
YRA,Rae Lakes,NT - Canada
YOP,Rainbow Lake,AB - Canada
YRT,Rankin Inlet,NU - Canada
YRL,Red Lake,ON - Canada
YRS,Red Sucker Lake,MB - Canada
YQR,Regina,SK - Canada
YUT,Repulse Bay,NU - Canada
YRB,Resolute,NU - Canada
YRG,Rigolet,NL - Canada
YXK,Rimouski,QC - Canada
XRP,Riviere-a-Pierre,QC - Canada
YRJ,Roberval,QC - Canada
ZRJ,Round Lake,ON - Canada
YUY,Rouyn/Noranda,QC - Canada
ZPB,Sachigo Lake,ON - Canada
YSY,Sachs Harbour,NT - Canada
XKV,Sackville,NB - Canada
XIM,Saint Hyacinthe,QC - Canada
YSJ,Saint John,NB - Canada
YYT,Saint Johns,NL - Canada
YSL,Saint Leonard,NB - Canada
YZG,Salluit,QC - Canada
ZSJ,Sandy Lake,ON - Canada
YSK,Sanikiluaq,NU - Canada
XDX,Sarnia,ON - Canada
YZR,Sarnia,ON - Canada
YXE,Saskatoon,SK - Canada
YAM,Sault Ste-Marie,ON - Canada
YKL,Schefferville,QC - Canada
XFK,Senneterre,QC - Canada
YZV,Sept-Iles,QC - Canada
ZTM,Shamattawa,MB - Canada
XFL,Shawinigan,QC - Canada
XFM,Shawnigan,BC - Canada
YXL,Sioux Lookout,ON - Canada
YSH,Smith Falls,ON - Canada
YYD,Smithers,BC - Canada
YFJ,Snare Lake,NT - Canada
XSI,South Indian Lake,MB - Canada
YAY,St Anthony,NL - Canada
YCM,St Catharines,ON - Canada
XIO,St Marys,ON - Canada
YST,Ste Therese Point,MB - Canada
YJT,Stephenville,NL - Canada
YSF,Stony Rapids,SK - Canada
XTY,Strathroy,ON - Canada
XDY,Sudbury,ON - Canada
YSB,Sudbury,ON - Canada
SUR,Summer Beaver,ON - Canada
ZJN,Swan River,MB - Canada
YQY,Sydney,NS - Canada
XTL,Tadoule Lake,MB - Canada
YYH,Taloyoak,NU - Canada
YTQ,Tasiujuaq,QC - Canada
YXT,Terrace,BC - Canada
ZTB,Tete-a-La Baleine,QC - Canada
XDZ,The Pas,MB - Canada
YQD,The Pas,MB - Canada
YTD,Thicket Portage,MB - Canada
YTH,Thompson,MB - Canada
YQT,Thunder Bay,ON - Canada
YTS,Timmins,ON - Canada
YAZ,Tofino,BC - Canada
YBZ,Toronto,ON - Canada
XLQ,Toronto,ON - Canada
YTZ,Toronto,ON - Canada
YYZ,Toronto,ON - Canada
XLZ,Truro,NS - Canada
YUB,Tuktoyaktuk,NT - Canada
ZFN,Tulita/Fort Norman,NT - Canada
YUD,Umiujag,QC - Canada
YBE,Uranium City,SK - Canada
YVO,Val-d'Or,QC - Canada
CXH,Vancouver,BC - Canada
XEA,Vancouver,BC - Canada
YVR,Vancouver,BC - Canada
YWH,Victoria,BC - Canada
YYJ,Victoria,BC - Canada
YWK,Wabush,NL - Canada
YKQ,Waskaganish,QC - Canada
XWA,Watford,ON - Canada
YWP,Webequie,ON - Canada
YNC,Wemindji,QC - Canada
XFQ,Weymont,QC - Canada
YLE,Wha Ti/Lac La Martre,NT - Canada
YXN,Whale Cove,NU - Canada
YWR,White River,ON - Canada
YXY,Whitehorse,YT - Canada
YWM,Williams Harbour,NL - Canada
YWL,Williams Lake,BC - Canada
XEC,Windsor,ON - Canada
YQG,Windsor,ON - Canada
XEF,Winnipeg,MB - Canada
YWG,Winnipeg,MB - Canada
ZWL,Wollaston Lake,SK - Canada
XIP,Woodstock,ON - Canada
WNN,Wunnummin Lake,ON - Canada
XWY,Wyoming,ON - Canada
YQI,Yarmouth,NS - Canada
YZF,Yellowknife,NT - Canada
ZAC,York Landing,MB - Canada
SPC,Santa Cruz De La Palma,Spain and Canary Islands - La Palma
TFS,Tenerife,Spain and the Canary Islands - Sur Reina Sofia
TFN,Tenerife,Spain and Canary Islands - Norte Los Rodeos
EPS,El Portillo/Samana,Dominician Republic - El Portillo
LWK,Shetland Islands,United Kingdom - Lerwick/Tingwall
QQP,London-Paddington,United Kingdom - Rail service
SDQ,Santo Domingo,Dominican Republic - Las Americas
GLA,Glasgow,United Kingdom - Glasgow International
BEO,Newcastle,New South Wales Australia - Belmont
KHI,Karachi,Pakistan - Quaid-E-Azam International
CNF,Belo Horizonte,Brazil - Tancredo Neves Intl.
EZE,Buenos Aires,Argentina - Ministro Pistarini
CJU,Jeju,South Korea - Jeju Airport metro area
TGD,Podgoriea,Serbia and Montenegro - Golubovci
SVD,St Vincent,Saint Vincent and the Grenadines
ZDH,Basel/Mulhouse Railway Station,Switzerland
GDT,Grand Turk Island,Turks and Caicos Islands
SYQ,San Jose,Costa Rica - Tobias Bolanos Int'l
HEX,Santo Domingo,Dominican Republic - Herrera
LSI,Shetland Islands,United Kingdom - Sumburgh
VDE,Valverde,Spain and Canary Islands - Hierro
OTP,Bucharest,Romania - Otopeni International
ISC,Isles of Scilly,United Kingdom - St Marys
JON,Johnston Island,US Minor Outlying Islands
XYD,Lyon,France - Lyon Part-Dieu Rail service
EOH,Medellin,Colombia - Enrique Olaya Herrera
ICN,Seoul,South Korea - Incheon International
ANU,V.C. Bird International,Antigua & Barbuda
BFS,Belfast,Northern Ireland United Kingdom
BEG,Belgrade,Serbia and Montenegro - Beograd
CIW,Canouan,Saint Vincent and the Grenadines
GZA,Gaza City,Occupied Palestinian Territory
LYR,Longyearbyen,Svalbard & Jan Mayen Island
FCO,Rome,Italy - Leonardo Da Vinci/Fiumicino
AMM,Amman,Jordan - Queen Alia International
FUT,Futuna Island,Wallis and Futuna Islands
TSO,Isles of Scilly,United Kingdom - Tresco
MDY,Midway Island,US Minor Outlying Islands
PMI,Palma Mallorca,Spain and Canary Islands
PLS,Providenciales,Turks and Caicos Islands
GMP,Seoul,South Korea - Gimpo International
WLS,Wallis Island,Wallis and Futuna Islands
AEP,Buenos Aires,Argentina - Jorge Newbery
CEB,Cebu,Philippines - Matan International
MDE,Medellin,Colombia - Jose Marie Cordova
RGL,Rio Gallegos,Argentina - Internacional
SJO,San Jose,Costa Rica - Juan Santa Maria
CCK,Cocos Islands,Cocos Keeling) Islands
MHP,Minsk,Belarus - Minsk International 1
MSQ,Minsk,Belarus - Minsk International 2
NCA,North Caicos,Turks and Caicos Islands
XSC,South Caicos,Turks and Caicos Islands
STT,St. Thomas Island,U.S. Virgin Islands
DRW,Darwin,Northern Territory Australia
DAC,Dhaka,Bangledesh - Zia International
LON,London,United Kingdom - All airports
NTL,Newcastle,New South Wales Australia
PRQ,Pres. Roque Saenz Pena,CH Argentina
STX,St. Croix Island,U.S. Virgin Islands
CGY,Cagayan De Oro,Philippines - Lumbia
BQH,London,United Kingdom - Biggin Hill
LCY,London,United Kingdom - London City
PBM,Paramaribo,Suriname - Zanderij Intl
RKT,Ras Al Khaimah,United Arab Emirates
VLL,Valladolid,Spain and Canary Islands
VIJ,Virgin Gorda,British Virgin Islands
ADJ,Amman,Jordan - Civil/Marka Airport
EIS,Beef Island,British Virgin Islands
BZE,Belize City,Belize - International
BVE,Brive-La-Gaillarde,France - Laroche
SJD,Cabo San Lucas,'Los Cabos' Mexico
DUS,Dusseldorf,Germany - International
FNA,Freetown,Sierra Leone - Lungi Intl
PIK,Glasgow,United Kingdom - Prestwick
NBO,Nairobi,Kenya - Jomo Kenyatta Intl
ORG,Paramaribo,Suriname - Zorg En Hoop
PER,Perth,Western Australia Australia
SXM,Saint Maarten,Netherlands Antilles
TMS,Sao Tome Is.,Sao Tome and Principe
EUX,St. Eustatius,Netherlands Antilles
VCD,Victoria River Downs,NT Australia
OVD,Asturias,Spain and Canary Islands
TKG,Bandar Lampung,Indonesia - Branti
ZDN,Brno,Czech Republic - Bus service
JCA,Cannes,France - Coisette Heliport
XCH,Christmas Island,Christmas Island
DOM,Dominica,Dominica - Melville Hall
MGL,Dusseldorf,Germany - Moenchen-Gl.
QDU,Dusseldorf,Germany - Rail service
EBJ,Esbjerg,Denmark - Esbjerg Airport
FRA,Frankfurt,Germany - International
NTE,Nantes,France - Nantes Atlantique
OAG,Orange,New South Wales Australia
PTY,Panama City,Panama - Tocumen Intl
LED,Saint Petersburg,Russia - Pulkovo
SLX,Salt Cay,Turks and Caicos Islands
CPC,San Martin De Los Andes,Argentina
GRU,Sao Paulo,Brazil - Guarulhos Intl
SYD,Sydney,New South Wales Australia
ZAZ,Zaragoza,Spain and Canary Islands
FJR,Al-Fujairah,United Arab Emirates
ANR,Antwerp,Belgium - Deurne Airport
PLU,Belo Horizonte,Brazil - Pampulha
BRN,Berne,Switzerland - Belp Airport
ZDJ,Berne,Switzerland - Rail service
ENT,Enewetak Island,Marshall Islands
HIW,Hiroshima,Japan - Hiroshima West
KIN,Kingston,Jamaica - Norman Manley
LHR,London,United Kingdom - Heathrow
STN,London,United Kingdom - Stansted
LGI,Long Island/Deadmans Cay,Bahamas
MAV,Maloelap Island,Marshall Islands
PID,Nassau,Bahamas - Paradise Island
ZAQ,Nuremberg,Germany - Rail service
RNP,Rongelap Island,Marshall Islands
STT,Saint Thomas,U.S. Virgin Islands
SEL,Seoul,South Korea - All Airports
SVQ,Sevilla,Spain and Canary Islands
SOI,South Molle Island,QL Australia
FSP,St Pierre,St Pierre and Miquelon
ZSE,St. Pierre de la Reunion,Reunion
STR,Stuttgart,Germany - Echterdingen
ZWS,Stuttgart,Germany - Rail service
VIT,Vitoria,Spain and Canary Islands
BMV,Banmethuot,Viet Nam - Phung-Doc
BGF,Banqui,Central African Republic
ZYR,Brussels,Belgium - Rail service
DIN,Dien Bien Phu,Viet Nam - Gialam
HIJ,Hiroshima,Japan - International
ILO,Iloilo,Philippines - Mandurriao
LGW,London,United Kingdom - Gatwick
MPN,Mount Pleasant,Falkland Islands
NDK,Namorik Island,Marshall Islands
NOU,Noumea,New Caledonia - Tontouta
OVB,Novosibirsk,Russia - Tolmachevo
ORB,Orebro,Sweeden - Obrebro-Bofors
CDG,Paris,France - Charles Degaulle
POP,Puerto Plata,Dominican Republic
STX,Saint Croix,U.S. Virgin Islands
SPN,Saipan,Northern Mariana Islands
OES,San Antonio Oesta,RN Argentina
STO,Stockholm,Sweden - All airports
XER,Strasbourg,France - Bus service
TPE,Taipei,Taiwan - Chiang Kai Shek
TIQ,Tinian,Northern Mariana Islands
VDC,Vitoria da Conquista,BA Brazil
AUH,Abu Dhabi,United Arab Emirates
TZA,Belize City,Belize - Municipal
BNE,Brisbane,Queensland Australia
CMN,Casablanca,Morocco - Mohamed V
JCU,Ceuta,Spain and Canary Islands
QKL,Cologne,Germany - Rail service
CGN,Cologne,Germany - Cologne/Bonn
DCF,Dominica,Dominica - Cane Field
ZBB,Esbjerg,Denmark - Rail service
GOT,Gothenburg,Sweden - Landvetter
HAM,Hamburg,Germany - Fuhisbuettel
YIV,Island Lake/Garden Hill,Canada
JAQ,Jacquinot Bay,Papua New Guinea
UIT,Jaluit Island,Marshall Islands
FKB,Karlsruhe/Badern Baden,Germany
LIK,Likiep Island,Marshall Islands
LDH,Lord Howe Island,NS Australia
MDS,Middle Caicos,Turks and Caicos
MIS,Misima Island,Papua New Guinea
NAS,Nassau,Bahamas - International
NRL,North Ronaldsay,United Kingdom
GEA,Noumea,New Caledonia - Magenta
PQC,Phu Quoc,Viet Nam - Duong Dang
XOP,Poitiers,France - Rail service
PPB,Presidente Prudente,SP Brazil
PRN,Pristina,Serbia and Montenegro
RUN,St Denis de la Reunion,Reunion
UVF,St. Lucia,St. Lucia - Hawnorra
TIH,Tikehau Atoll,French Polynesia
TOV,Tortola,British Virgin Islands
UTK,Utirik Island,Marshall Islands
AIM,Ailuk Island,Marshall Islands
ZAY,Antwerp,Belgium - Bus service
BNX,Banja Luka,Bosnia Herzegovina
BER,Berlin,Germany - All airports
BII,Bikini Atoll,Marshall Islands
DAM,Damascus,Syrian Arab Republic
GGS,Gobernador Gregores,Argentina
KAC,Kameshli,Syrian Arab Republic
LHG,Lightning Ridge,NS Australia
LNV,Lihir Island,Papua New Guinea
LDC,Lindeman Island,QL Australia
LTN,London,United Kingdom - Luton
MAS,Manus Island,Papua New Guinea
MXS,Maota Savaii Is,Western Samoa
MJB,Mejit Island,Marshall Islands
MEL,Melbourne,Victoria Australia
MOW,Moscow,Russia - all locations
OMO,Mostar,Bosnia and Herzegovina
NLK,Norfolk Island,Norfolk Island
PAC,Panama City,Panama - Paitilla
BVA,Paris,France - Beauvais-Tille
PKC,Petropaulousk-Kamchats,Russia
PZB,Pietermaritzburg,South Africa
POM,Port Moresby,Papua New Guinea
PSY,Port Stanley,Falkland Islands
PUJ,Punta Cana,Dominican Republic
REU,Reus,Spain and Canary Islands
ROP,Rota,Northern Mariana Islands
SZT,S. Cristobal del Casas,Mexico
LTT,Saint Tropez,France - La Mole
XSP,Singapore,Singapore - Seletar
TIS,Thursday Island,QL Australia
WTO,Wotho Island,Marshall Islands
WTE,Wotje Island,Marshall Islands
ZID,Aarhus,Denmark - Bus service
JHE,Angelholm/Helsingborg,Sweden
QXG,Angers,France - Rail service
AGH,Argelholm/Helsingborg,Sweden
SXF,Berlin,Germany - Schoenefeld
BON,Bonaire,Netherlands Antilles
BRQ,Brno,Czech Republic - Turany
CRL,Brussels,Belguim - Charleroi
CPI,Cape Orford,Papua New Guinea
KIV,Chisinau,Republic of Moldova
CHY,Choiseul Bay,Solomon Islands
CUR,Curacao,Netherlands Antilles
NLF,Darnley Island,QL Australia
PSA,Florence,Italy - Gal Galilei
HIN,Jinju,South Korea - Sancheon
JSM,Jose De San Martin,Argentina
YLC,Kimmirut/Lake Harbour,Canada
LRM,La Romana,Dominican Republic
UBB,Mabuiag Island,QL Australia
MHX,Manihiki Island,Cook Islands
MCV,Mcarthur River,NT Australia
MIJ,Mili Island,Marshall Islands
SVO,Moscow,Russia - Sheremetyevo
HGU,Mount Hagen,Papua New Guinea
NST,Nakhon Si Thammarat,Thailand
QJZ,Nantes,France - Rail service
PMR,Palmerston North,New Zealand
AOL,Paso de Los Libres,Argentina
PBZ,Plettenburg Bay,South Africa
PQQ,Port Macquarie,NS Australia
PUD,Puerto Deseado,SC Argentina
CGH,Sao Paulo,Brazil - Congonhas
VCP,Sao Paulo,Brazil - Viracopos
SIN,Singapore,Singapore - Changi
SOU,South Hampton,United Kingdom
SXB,Strasbourg,France - Entzheim
MCY,Sunshine Coast,QL Australia
POS,Trinidad,Trinidad and Tobago
UJE,Ujae Island,Marshall Islands
VME,Villa Mercedes,SL Argentina
WAE,Wadi Ad Dawasir,Saudi Arabia
AEO,Aioun El Atrouss,Mauritania
AAN,Al Ain,United Arab Emirates
ALP,Aleppo,Syrian Arab Republic
ARR,Alto Rio Senguerr,Argentina
AZB,Amazon Bay,Papua New Guinea
ANU,Antigua,Antigua and Barbuda
AUL,Aur Island,Marshall Islands
BRU,Brussels,Belgium - National
BBU,Bucharest,Romania - Baneasa
CVL,Cape Vogel,Papua New Guinea
DEZ,Deirezzor,Syria - Al Jafrah
FAE,Faroe Islands,Faroe Islands
FRE,Fera Island,Solomon Islands
GVR,Governador Valadares,Brazil
GCM,Grand Cayman,Cayman Islands
LML,Lae Island,Marshall Islands
XDB,Lille,France - Rail service
LZR,Lizard Island,QL Australia
MGS,Mangaia Island,Cook Islands
MDQ,Mar Del Plata,BA Argentina
BGY,Milan,Italy - Orio Al Serio
MOI,Mitiaro Island,Cook Islands
MGB,Mount Gambier,SA Australia
MYI,Murray Island,QL Australia
NPE,Napier-Hastings,New Zealand
PPW,Papa Westray,United Kingdom
PAR,Paris,France - All airports
PYE,Penrhyn Island,Cook Islands
PMQ,Perito Moreno,SC Argentina
PNP,Popondetta,Papua New Guinea
PLZ,Port Elizabeth,South Africa
PHE,Port Headland,WA Australia
PMY,Puerto Madryn,CB Argentina
PPS,Puerto Princesa,Philippines
STB,Santa Barbara,Ed Venezuela
STI,Santiago,Dominican Republic
SKB,St Kitts,St Kitts and Nevis
TCA,Tennant Creek,NT Australia
TIV,Tivat,Serbia and Montenegro
XSH,Tours,France - Rail service
ZNZ,Zanzibar,Tanzania - Kisauni
ALJ,Alexander Bay,South Africa
BWN,Bandar Seri Begawan,Brunei
BMY,Belep Island,New Caledonia
THF,Berlin,Germany - Tempelhof
BOB,Bora Bora,French Polynesia
BOH,Bournemouth,United Kingdom
PUS,Busan,South Korea - Gimhae
CAL,Campbeltown,United Kingdom
QYW,Cannes,France - Vieux Port
CHT,Chatham Island,New Zealand
DXB,Dubai,United Arab Emirates
FEN,Fernando De Noronha,Brazil
FIZ,Fitzroy Crossing,Australia
GES,General Santos,Philippines
ILP,Ile Des Pins,New Caledonia
IOM,Isle of Man,United Kingdom
XRY,Jerez De La Frontere,Spain
KXK,Komsomolsk Na Amure,Russia
KUG,Kubin Island,QL Australia
KWA,Kwajalein,Marshall Islands
LDY,Londonderry,United Kingdom
DME,Moscow,Russia - Domodedovo
MHU,Mount Hotham,VI Australia
MMG,Mount Magnet,WA Australia
NAK,Nakhon Ratchosima,Thailand
NHV,Nuku Hiva,French Polynesia
OSA,Osaka,Japan - all airports
PUG,Port Augusta,SA Australia
PLO,Port Lincoln,SA Australia
RRG,Rodrigues Island,Mauritius
ADZ,San Andres Island,Colombia
ARN,Stockholm,Sweden - Arlanda
XTG,Thargomindah,QL Australia
TAB,Tobago,Trinidad and Tobago
TYO,Tokyo,Japan - All airports
WTS,Tsiroanomandidy,Madagascar
USL,Useless Loop,WA Australia
UKK,Ust-Kamenogorsk,Kazakhstan
VLG,Villa Gesell,BA Argentina
OKR,Yorke Island,QL Australia
AAR,Aarhus,Denmark - Tirstrup
WAM,Ambatondrazaka,Madagascar
ANK,Ankara,Turkey - Etimesqut
BCL,Barra Colorado,Costa Rica
EJA,Barran Cabermeja,Colombia
BRT,Bathurst Island,Australia
BHX,Birmingham,United Kingdom
BFN,Bloemfontein,South Africa
BMP,Brampton Island,Australia
CEQ,Cannes,France - Mandelieu
CAS,Casablanca,Morocco - Anfa
DLI,Dalat,Viet Nam - Lienkhang
DSK,Dera Ismail Khan,Pakistan
FAV,Fakarava,French Polynesia
FLR,Florence,Italy - Peretola
FDF,Fort De France,Martinique
GSE,Gothenburg,Sweden - Saeve
GBL,Goulburn Island,Australia
GHB,Governors Harbour,Bahamas
HPH,Haiphong,Viet Nam - Catbi
LBC,Hamburg,Germany - Luebeck
HTI,Hamilton Island,Australia
SGN,Ho Chi Minh City,Viet Nam
HUY,Humberside,United Kingdom
JNB,Johannesburg,South Africa
KZF,Kaintiba,Papua New Guinea
KTP,Kingston,Jamaica - Tinson
TGG,Kuala Terengganu,Malaysia
CMU,Kundiawa,Papau New Guinea
MAN,Manchester,United Kingdom
MBH,Maryborough,QL Australia
MUK,Mauke Island,Cook Islands
MKR,Meekatharra,WA Australia
MYX,Menyamya,Papua New Guinea
WME,Mount Keith,WA Australia
ATN,Namatana,Papua New Guinea
CNP,Neerlerit Inaat,Greenland
NEV,Nevis,St. Kitts and Nevis
EMA,Nottingham,United Kingdom
OLP,Olympic Dam,SA Australia
KIX,Osaka,Japan - Kansai Intl
PTP,Pointe-a-Pitre,Guadeloupe
PYH,Puerto Ayacucha,Venezuela
PJM,Puerto Jimenez,Costa Rica
RBP,Rabaraba,Papua New Guinea
RAM,Ramingining,NT Australia
RCQ,Reconquista,SF Argentina
RES,Resistencia,CW Argentina
RAO,Ribeirao Preto,SP Brazil
RCB,Richards Bay,South Africa
GIG,Rio De Janeiro,RJ Brazil
ROK,Rockhampton,QL Australia
ROM,Rome,Italy - All airports
NNB,Santa Ana,Solomon Islands
BMA,Stockholm,Sweden - Bromma
TSA,Taipei,Taiwan - Sung Shan
TDB,Tetabedi,Papua New Guinea
UBP,Ubon Ratchathani,Thailand
VCE,Venice,Italy - Marco Polo
VIV,Vivigani,Papua New Guinea
WGA,Wagga Wagga,NS Australia
AGL,Wanigela,Papua New Guinea
ZIH,Zihuatanejo/Ixtapa,Mexico
ESB,Ankara,Turkey - Esenboga
AIU,Atiu Island,Cook Islands
VMU,Baimuru,Papua New Guinea
BEB,Benbecula,United Kingdom
BLK,Blackpool,United Kingdom
CBG,Cambridge,United Kingdom
CHC,Christchurch,New Zealand
CBL,Ciudad Bolivar,Venezuela
CME,Ciudad Del Carmen,Mexico
AGT,Ciudad del Este,Paraguay
CNC,Coconut Island,Australia
DDM,Dodoima,Papua New Guinea
ELS,East London,South Africa
EDI,Edinburgh,United Kingdom
ELH,Eleuthera Island,Bahamas
EMS,Embessa,Papua New Guinea
FIE,Fair Isle,United Kingdom
HHN,Frankfurt,Germany - Hahn
GAR,Garaina,Papua New Guinea
OOL,Gold Coast,QL Australia
GOE,Gonalia,Papua New Guinea
GRW,Graciosa Island,Portugal
GTE,Groofe Eylandt,Australia
GUA,Guatemala City,Guatemala
HKN,Hoskins,Papua New Guinea
HUH,Huahine,French Polynesia
HUN,Hualien,Taiwan - Phi Bai
HUU,Huanuco,French Polynesia
HWN,Hwange Nat Park,Zimbabwe
IGU,Iguassu Falls,PR Brazil
IDN,Indagen,Papua New Guinea
IVC,Invercargill,New Zealand
INV,Inverness,United Kingdom
ITK,Itokama,Papua New Guinea
JDO,Juazeiro Do Norte,Brazil
KVG,Kavieng,Papua New Guinea
IRA,Kirakira,Solomon Islands
ING,Lago Argentina,Argentina
LEQ,Lands End,United Kingdom
LST,Launceston,TS Australia
LPL,Liverpool,United Kingdom
IRG,Lockhart River,Australia
SSG,Malabo,Equatorial Guinea
MFO,Manguna,Papua New Guinea
MNG,Maningrioa,NT Australia
MAU,Maupiti,French Polynesia
MGT,Milingimbi,NT Australia
MJK,Monkey Mia,WA Australia
MEU,Monte Dourado,PA Brazil
MOC,Montes Claros,MG Brazil
ONG,Mornington,QL Australia
NPL,New Plymouth,New Zealand
NCL,Newcastle,United Kingdom
TRF,Oslo,Norway - Sandefjord
OUA,Ouagadougou,Burkina Faso
PPG,Pago Pago,American Samoa
PPT,Papeete,French Polynesia
PBO,Paraburdoo,WA Australia
PTG,Pietersburb,South Africa
PSA,Pisa,Italy - Gal Galilei
PPP,Proserpine,QL Australia
FUE,Puerto del Rosario,Spain
RFP,Raiatea,French Polynesia
RCU,Rio Cuarto,CD Argentina
RGA,Rio Grande,TF Argentina
ULA,San Julian,SC Argentina
SAL,San Salvador,El Salvador
RSA,Santa Rosa,LP Argentina
SZD,Sheffield,United Kingdom
FYR,Skopie,Macedonia
SQH,Son-La,Viet Nam - Na-San
SYY,Stornoway,United Kingdom
VAO,Suavanao,Solomon Islands
SYU,Sue Island,QL Australia
TBG,Tabubil,Papua New Guinea
TJQ,Tanjung Pandan,Indonesia
TER,Terceira Island,Portugal
TRV,Thiruvananthapuram,India
TSV,Townsville,QL Australia
KYX,Yalumet,Papua New Guinea
XMY,Yam Island,QL Australia
UUS,Yuzhno-Sakhalinsk,Russia
ABZ,Aberdeen,United Kingdom
AFT,Afutara,Soloman Islands
ACI,Alderney,United Kingdom
ASP,Alice Springs,Australia
GUR,Alotau,Papua New Guinea
AMY,Ambatomainty,Madagascar
TNR,Antaninvarivo,Madgascar
ARP,Aragip,Papua New Guinea
AUQ,Atuona,French Polynesia
AGB,Augsburg/Munich,Germany
BAS,Balalae,Solomon Islands
OPU,Balimo,Papua New Guinea
BNY,Bellona,Solomon Islands
BXZ,Bunsil,Papua New Guinea
CYB,Cayman Brac Is,Cambodia
CYO,Cayo Largo Del Sur,Cuba
CFE,Clermont-ferrand,France
CKI,Croker Island,Australia
DVO,Davao,Philipines - Mati
DPS,Denpasar Bali,Indonesia
WFI,Fianarantsoa,Madagascar
FTU,Fort Dauphin,Madagascar
FDH,Friedrichshafer,Germany
GRL,Garasa,Papua New Guinea
GKA,Goroka,Papua New Guinea
GCI,Guernsey,United Kingdom
HAN,Hanoi,Viet Nam - Noibai
HIS,Hayman Island,Australia
HIT,Hivaro,Papua New Guinea
HDS,Hoedspruit,South Africa
HIR,Honiara,Solomon Islands
IFO,Ivano-Frankovsk,Ukraine
KBM,Kabwun,Papua New Guinea
KUY,Kamusi,Papua New Guinea
KTR,Katherine,NT Australia
IEV,Kiev,Ukraine - Zhulhany
KBP,Kiev,Ukraine - Borispol
UNG,Kiunga,Papua New Guinea
KWM,Kowanyama,QL Australia
LAB,Lablab,Papua New Guinea
LEA,Learmonth,WA Australia
LRE,Longreach,QL Australia
LSA,Losuia,Papua New Guinea
MAG,Madang,Papua New Guinea
MJE,Majkin,Marshall Islands
MAJ,Majuro,Marshall Islands
XMH,Manihi,French Polynesia
WMN,Maroantsetra,Madagascar
MIM,Merimbula,NS Australia
MOZ,Moorea,French Polynesia
VKO,Moscow,Russia - Vnukovo
NDI,Namudi,Papua New Guinea
GOJ,Nizhniy Novgorod,Russia
NDZ,Nordholz-Speika,Germany
NTN,Normanton,QL Australia
ELH,North Eleuthera,Bahamas
NOB,Nosara Beach,Costa Rica
NUB,Numbulwar,NT Australia
PKY,Palang Karaya,Indonesia
PKN,Pangkalanboun,Indonesia
PGK,Pangkalpinang,Indonesia
PID,Paradise Island,Bahamas
PZE,Penzance,United Kingdom
PHW,Phalaborwa,South Africa
PLH,Plymouth,United Kingdom
PIS,Poitiers,France - Biard
POA,Porto Alegre,RS Brazil
PXM,Puerto Escondido,Mexico
PEU,Puerto Lempira,Honduras
PBP,Punta Islita,Costa Rica
RAB,Rabaul,Papua New Guinea
RNL,Rennell,Solomon Islands
RUR,Rorutu,French Polynesia
SAP,San Pedro Sula,Honduras
STD,Santo Domingo,Venezuela
CTS,Sapporo,Japan - Chitose
OKD,Sapporo,Japan - Okadama
SWG,Satwag,Papua New Guinea
SOY,Stronsay,United Kingdom
TJS,Tanjung Selor,Indonesia
MME,Teesside,United Kingdom
TKB,Tekadu,Papua New Guinea
TPR,Tom Price,WA Australia
TWB,Toowoomba,QL Australia
TGN,Traralgon,VI Australia
TUB,Tubuai,French Polynesia
TGZ,Tuxtla Gutierrez,Mexico
UPG,Ujung Pandang,Indonesia
URU,Uroubi,Papua New Guinea
VAI,Vanimo,Papua New Guinea
VFA,Victoria Falls,Zimbabwe
VTE,Vientiane,Laos - Wattay
XYA,Yandina,Solomon Islands
ZTH,Zakinthos Island,Greece
AUP,Agaun,Papua New Guinea
AIC,Airok,Marshall Islands
AXD,Alexandroupolis,Greece
ACH,Altenrhein,Switzerland
DIE,Antsiranana,Madagascar
ATD,Atoifi,Solomon Islands
BHI,Bahia Blanca,Argentina
BRM,Barquisimeto,Venezuela
BPF,Batuna,Solomon Islands
BHD,Belfast,United Kingdom
TXL,Berlin,Germany - Tegel
BOV,Boang,Papua New Guinea
GIC,Boiju Island,Australia
BRS,Bristol,United Kingdom
CPT,Cape Town,South Africa
CWL,Cardiff,United Kingdom
CEG,Chester,United Kingdom
CVM,Ciudad Victoria,Mexico
CFS,Coffs Harbor,Australia
CXB,Cox's Bazar,Bangladesh
CRI,Crooked Island,Bahamas
CZS,Cruzeiro Do Sul,Brazil
DAR,Dar Es Salaam,Tanzania
DER,Derim,Papua New Guinea
DNK,Dnepropetrovsk,Ukraine
EDR,Edward River,Australia
ELC,Elcho Island,Australia
SON,Espiritu Santo,Vanuatu
EXM,Exmouth Gulf,Australia
RVA,Farafangana,Madagascar
FLW,Flores Island,Portugal
GPN,Garden Point,Australia
HME,Hassi Messaoud,Algeria
JAT,Jabor,Marshall Islands
KBT,Kaben,Marshall Islands
BKI,Kota Kinabalu,Malaysia
LVO,Laverton,WA Australia
LER,Leinster,WA Australia
LIL,Lille,France - Lesquin
LZC,Lozaro Cardenas,Mexico
MST,Maastricht,Netherlands
SEZ,Mahe Island,Seychelles
LGS,Malargue,MD Argentina
WMA,Mandritsara,Madagascar
MSE,Manston,United Kingdom
MDU,Mendi,Papua New Guinea
ZVA,Miandrivazo,Madagascar
MXP,Milan,Italy - Malpensa
MRV,Mineralnye Vody,Russia
MOV,Moranbah,QL Australia
BKA,Moscow,Russia - Bykovo
MON,Mount Cook,New Zealand
WIL,Nairobi,Kenya - Wilson
NAJ,Nakhichevan,Azerbaijan
NAA,Narrabri,NS Australia
NLP,Nelspruit,South Africa
NQY,Newquay,United Kingdom
NWI,Norwich,United Kingdom
OSR,Ostrava,Czech Republic
PRS,Parasi,Solomon Islands
PFB,Passo Fundo,RS Brazil
PDL,Ponta Delgada,Portugal
TAT,Popraol/Tatry,Slovakia
POS,Port of Spain,Trinidad
PTJ,Portland,VI Australia
PVH,Porto Velho,RO Brazil
PBE,Puerto Berria,Colombia
PZO,Puerto Ordaz,Venezuela
PVR,Puerto Vallarta,Mexico
PDP,Punta Del Este,Uruguay
ZQN,Queenstown,New Zealand
RBV,Ramato,Solomon Islands
RAR,Rarotonga,Cook Islands
RCM,Richmond,QL Australia
ROY,Rio Mayo,CB Argentina
UAQ,San Juan,SJ Argentina
SLP,San Luis Potosi,Mexico
LUQ,San Luis,SL Argentina
SMS,Sante Marie,Madagascar
NTO,Santo Antao,Cape Verde
SNE,Sao Nicolau,Cape Verde
VXE,Sao Vicente,Cape Verde
JHQ,Shute Harbor,Australia
TMW,Tamworth,NS Australia
THR,Tehran,Iran - Mehrabad
THG,Thangool,QL Australia
TTS,Tsaratanana,Madagascar
TUG,Tuguegarao,Philippines
TSF,Venice,Italy - Treviso
VEY,Vestmannaeyjar,Iceland
WED,Wedau,Papua New Guinea
WLG,Wellington,New Zealand
WRY,Westray,United Kingdom
WWK,Wewak,Papua New Guinea
WNR,Windarra,QL Australia
XIY,Xi An,China - Xianyang
ABJ,Abidjan,Cote d'Ivoire
BQN,Aguadilla,Puerto Rico
AGU,Aguascalientes,Mexico
AIT,Aitutaki,Cook Islands
AKX,Aktyubinsk,Kazakhstan
ARD,Alor Island,Indonesia
AMS,Amsterdam,Netherlands
ANE,Angers,France - Marce
JVA,Ankavandra,Madagascar
ATC,Arthur's Town,Bahamas
ASB,Ashgabat,Turkmenistan
BDD,Badu Island,Australia
BSC,Bahia Solano,Colombia
BDJ,Banjarmasin,Indonesia
BAQ,Barranquilla,Colombia
LAQ,Beida,Libya - La Braq
BQS,Blagoveschensk,Russia
BOC,Bocas Del Toro,Panama
BHQ,Broken Hill,Australia
BUA,Buka,Papua New Guinea
CPV,Campina Grande,Brazil
CAY,Cayenne,French Guiana
CTL,Charleville,Australia
CGP,Chittagong,Bangladesh
CEN,Ciudad Obregon,Mexico
CPD,Coober Pedy,Australia
CVU,Corvo Island,Portugal
DAU,Daru,Papua New Guinea
DDI,Daydream Is,Australia
DBM,Debra Marcos,Ethiopia
DGT,Dumaguete,Philippines
DND,Dundee,United Kingdom
DKI,Dunk Island,Australia
EBO,Ebon,Marshall Islands
EIN,Eindhoven,Netherlands
EXT,Eveter,United Kingdom
FZO,Filton,United Kingdom
FTA,Futuna Island,Vanuatu
KAG,Gangneung,South Korea
GDE,Gode/Iddidole,Ethopia
GRQ,Groningen,Netherlands
GUB,Guerrero Negro,Mexico
HCQ,Halls Creek,Australia
EVE,Harstad-Narvik,Norway
IOP,Ioma,Papua New Guinea
JER,Jersey,United Kingdom
JCK,Julia Creek,Australia
KUL,Kuala Lumpur,Malaysia
KUQ,Kuri,Papua New Guinea
LBJ,Labuan Bajo,Indonesia
LSP,Las Piedras,Venezuela
LNO,Leonora,WA Australia
LSY,Lismore,NS Australia
LOF,Loen,Marshall Islands
HAP,Long Island,Australia
LGL,Long Lellang,Malaysia
ODN,Long Seridan,Malaysia
LDE,Lourdes/Tarbes,France
LUX,Luxembourg,Luxembourg
LYS,Lyon,France - Satolas
HGN,Mae Hong Son,Thailand
MXT,Maintirano,Madagascar
MHH,Marsh Harbour,Bahamas
MKS,Mekane Selam,Ethiopia
MDZ,Mendoza,MD Argentina
MQL,Mildura,VI Australia
MTF,Mizan Teferi,Ethiopia
MNI,Montserrat,Montserrat
TVA,Morafenobe,Madagascar
MXH,Moro,Papua New Guinea
MUA,Munda,Solomon Islands
MFG,Muzaffarabad,Pakistan
NKG,Nanking/Nanjing,China
NVT,Navegantes,SC Brazil
NQN,Neuquen,NE Argentina
RPM,Ngukurr,NT Australia
NJC,Nizhnevartovsk,Russia
NKC,Nouakchott,Mauritania
PMO,Palermo,Sicily Italy
PMA,Pemba,Tanzania - Wawi
PDS,Piedras Negras,Mexico
PMG,Ponta Pora,MS Brazil
WPB,Port Berge,Madagascar
PHC,Port Harcourt,Nigeria
PSS,Posadas,MI Argentina
PRG,Prague,Czech Republic
PVK,Preveza/Lefkas,Greece
PEM,Puerto Maldonado,Peru
PSZ,Puerto Suarez,Bolivia
FNJ,Pyongyang,North Korea
AQI,Qaisumah,Saudi Arabia
REG,Reggio Calabria,Italy
RBR,Rio Branco,AC Brazil
RIG,Rio Grande,RS Brazil
CIA,Rome,Italy - Ciampino
ROS,Rosario,SF Argentina
RLG,Rostock-Laage,Germany
RTM,Rotterdam,Netherlands
SLU,Saint Lucia,ST. LUCIA
SNO,Sakon Nakhon,Thailand
SVZ,San Antonio,Venezuela
SAI,San Marino,San Marino
NDY,Sanday,United Kingdom
SSH,Sharm El Sheikh,Egypt
LED,St. Petersburg,Russia
NTY,Sun City,South Africa
WTA,Tambohorano,Madagascar
TIZ,Tari,Papua New Guinea
TIM,Tembagapura,Indonesia
TTQ,Tortuquero,Costa Rica
TUC,Tucuman,TU Argentina
TFI,Tufi,Papua New Guinea
UDI,Uberlandia,MG Brazil
UTN,Upington,South Africa
URG,Uruguaiana,RS Brazil
USH,Ushuaia,TF Argentina
VNX,Vilanculos,Mozambique
WGE,Walgett,NS Australia
WSU,Wasu,Papua New Guinea
WHK,Whakatane,New Zealand
WRE,Whangarei,New Zealand
WYA,Whyalla,SA Australia
WVN,Wilhelmshaven,Germany
WJA,Woja,Marshall Islands
WUD,Wudinna,SA Australia
WYN,Wyndham,WA Australia
ZAM,Zamboanga,Philippines
ABT,Al-Baha,Saudi Arabia
HVA,Analalava,Madagascar
WAQ,Antsalova,Madagascar
WAI,Antsohihy,Madagascar
AMH,Arba Mintch,Ethiopia
AKL,Auckland,New Zealand
AKS,Auki,Solomon Islands
AYQ,Ayers Rock,Australia
BPN,Balikpapan,Indonesia
BTJ,Banda Aceh,Indonesia
BCI,Barcaldine,Australia
BRR,Barra,United Kingdom
BPY,Besalampy,Madagascar
BVI,Birdsville,Australia
OXB,Bissau,Guinea-Bissau
BLT,Blackwater,Australia
BHE,Blenheim,New Zealand
CNF,Blo Horizonte,Brazil
BVC,Boa Vista,Cape Verde
BOX,Borroloola,Australia
BWE,Braunschweig,Denmark
BWQ,Brewarrina,Australia
BHG,Brus Laguna,Honduras
BGA,Bucaramanga,Colombia
CXJ,Caxias Do Sul,Brazil
CJJ,Cheongju,South Korea
CJS,Ciudad Juarez,Mexico
CMK,Club Makokola,Malawi
CNQ,Corrientes,Argentina
CBO,Cotabato,Philippines
CMA,Cunnamulla,Australia
DBT,Debra Tabor,Ethiopia
EMO,Emo,Papua New Guinea
XFW,Finkenwerder,Germany
FLN,Florianopolis,Brazil
FRW,Francistown,Botswana
FUN,Funafuti Atol,Tuvalu
GGN,Gagnoa,Cote D'Ivoire
GET,Geraldton,Australia
GIS,Gisborne,New Zealand
GZO,Gizo,Solomon Islands
GLI,Glen Innes,Australia
JGR,Groennedal,Greenland
GYA,Guayaramerin,Bolivia
URY,Gurayat,Saudi Arabia
HLZ,Hamilton,New Zealand
HAQ,Hanimaadhoo,Maldives
HVB,Hervey Bay,Australia
HKK,Hokitika,New Zealand
HID,Horn Island Australia,
HFN,Hornafjordur,Iceland
IHU,Ihu,Papua New Guinea
ILY,Islay,United Kingdom
JEJ,Jeh,Marshall Islands
KDM,Kaadedhdhoo,Maldives
LBD,Khudzhand,Tajikistan
JRO,Kilimanjaro,Tanzania
KCM,Kahramanmaras,Turkey
LAE,Lae,Papua New Guinea
LPP,Lappeenranta,Finland
LBA,Leeds,United Kingdom
LPU,Long Apung,Indonesia
LBW,Long Bawan,Indonesia
MKY,Mackay,QL Australia
MED,Madinah,Saudi Arabia
WMP,Mampikony,Madagascar
MNJ,Mananjary,Madagascar
MAY,Mangrove Cay,Bahamas
MGH,Margate,South Africa
MAZ,Mayaguez,Puerto Rico
LIN,Milan,Italy - Linate
MDP,Mindiptana,Indonesia
OKU,Mokuti Lodge,Namibia
MNY,Mono,Solomon Islands
MOQ,Morondava,Madagascar
MYA,Moruya,NS Australia
JNN,Nanortalik,Greenland
UAK,Narsarsuaq,Greenland
ZNE,Newman,WA Australia
NDB,Nouadhiba,Mauritania
NYN,Nyngan,NS Australia
PAJ,Para Chinar,Pakistan
PRA,Parana,ER Argentina
PNZ,Petrolina,PE Brazil
PHS,Phitsanulok,Thailand
PIX,Pico Island,Portugal
POT,Port Antonio,Jamaica
PAP,Port Au Prince,Haiti
PXO,Porto Santo,Portugal
PSU,Putussibau,Indonesia
UEL,Quelimane,Mozambique
RVD,Rio Verde,GO Brazil
QFZ,Saarbruecken,Germany
SSA,Salvadore,BA Brazil
BRC,San Carlos,Argentina
SJU,San Juan,Puerto Rico
AFA,San Rafael,Argentina
ZSA,San Salvador,Bahamas
SMA,Santa Maria,Portugal
SMR,Santa Marta,Colombia
EGM,Sege,Solomon Islands
SZK,Skukuza,South Africa
TZN,South Andros,Bahamas
AXP,Spring Point,Bahamas
SML,Stella Maris,Bahamas
TNX,Stung Treng,Cambodia
URT,Surat Thani,Thailand
TBT,Tabatinga,AM Brazil
TAC,Tacloban,Philippines
TNO,Tamarindo,Costa Rica
TMH,Tanahmerah,Indonesia
TRG,Tauranga,New Zealand
TGU,Tegucigalpa,Honduras
TXM,Teminabuan,Indonesia
TIY,Tioljikja,Mauritania
TRE,Tiree,United Kingdom
TRZ,Tiruchirapally,India
HND,Tokyo,Japan - Haneda
NRT,Tokyo,Japan - Narita
TCB,Treasure Cay,Bahamas
REL,Trelew,CB Argentina
TMT,Trombetas,PA Brazil
ULN,Ulaanbaatar,Mongolia
VAT,Vatomatry,Madagascar
VDM,Viedma,RN Argentina
VTZ,Vishakhapatnam,India
VPN,Vopnafjordur,Iceland
WAG,Wanganui,New Zealand
WUG,Wau,Papua New Guinea
WSZ,Westport,New Zealand
WUN,Wiluna,WA Australia
WIN,Winton,QL Australia
JOG,Yogyakarta,Indonesia
ADD,Addis Ababa,Ethopia
ASJ,Amami O Shima,Japan
AZN,Andizhan,Uzbekistan
ANM,Antalaha,Madagascar
BCD,Bacolod,Philippines
BHV,Bahawalpur,Pakistan
BLA,Barcelona,Venezuela
BBM,Battambang,Cambodia
BUI,Bokondini,Indonesia
BSB,Brasilia,DF Brazil
BTS,Bratislava,Slovakia
BGI,Bridgetown,Barbados
BDB,Bundaberg,Australia
BUC,Burketown,Australia
CGR,Campo Grande,Brazil
CVQ,Carnarvon,Australia
RIK,Carrillo,Costa Rica
CTC,Catamarca,Argentina
CNX,Chiang Mai,Thailand
CEI,Chiang Rai,Thailand
AVI,Ciego De Avila,Cuba
CNJ,Cloncurry,Australia
COC,Concordia,Argentina
CZL,Constantine,Algeria
OOM,Cooma,NS Australia
CNB,Coonamble,Australia
DMM,Dammam,Saudi Arabia
DTD,Datadawai,Indonesia
DEM,Dembidollo,Ethiopia
DEA,Dera Ghazi,Pakistan
DPO,Devonport,Australia
DLY,Dillons Bay,Vanuata
DPL,Dipolog,Philippines
DMD,Doomadgee,Australia
DUD,Dunedin,New Zealand
DUR,Durban,South Africa
DYU,Dushanbe,Tajikistan
EOI,Eday,United Kingdom
EGS,Egilsstadir,Iceland
SVX,Ekaterinburg,Russia
EHL,El Bolsan,Argentina
EMX,El Maiten,Argentina
EWI,Enarotali,Indonesia
EPR,Esperance,Australia
LYP,Faisalabad,Pakistan
FUE,Fuerteventura,Spain
GAN,Gan Island,Maldives
ELQ,Gassim,Saudi Arabia
GGT,George Town,Bahamas
GRJ,George,South Africa
GIB,Gibraltar,Gibraltar
GLT,Gladstone,Australia
GTO,Gorontalo,Indonesia
KWJ,Gwangju,South Korea
KVD,Gyandzha,Azerbaijan
ZHQ,Halberstadt,Germany
HDF,Heringsdorf,Germany
HKG,Hong Kong,Hong Kong
HGD,Hughenden,Australia
JAV,Ilulissat,Greenland
INX,Inanwatan,Indonesia
JCR,Jacareacanga,Brazil
JED,Jeddah,Saudi Arabia
JDF,Juiz De Fora,Brazil
KAT,Kaitaia,New Zealand
KBR,Kota Bharu,Malaysia
SUF,Lamezia-Terme,Italy
LKA,Larantuka,Indonesia
LUC,Laucala Island,Fiji
LGP,Legaspi,Philippines
VXC,Lichinga,Mozambique
LDB,Londrina,PR Brazil
LBP,Long Banga,Malaysia
MQF,Magnitogorsk,Russia
VVB,Mahanoro,Madagascar
WVK,Manakara,Madagascar
WMR,Mananara,Madagascar
MKW,Manokwari,Indonesia
MAR,Maracaibo,Venezuela
JSU,Mariitsoq,Greenland
MBT,Masbate,Philippines
MRU,Mauritius,Mauritius
PMF,Milan,Italy - Parma
ONI,Moanamani,Indonesia
MJD,Mohenjodaro,Denmark
MBJ,Montego Bay,Jamaica
MRZ,Moree,NS Australia
ISA,Mount Isa,Australia
NMA,Namangan,Uzbekistan
NAW,Narathiwat,Thailand
NFG,Nefteyugansk,Russia
EAM,Nejran,Saudi Arabia
NGE,Ngaoundere,Cameroon
NOS,Nossi-be,Madagascar
NOZ,Novokuznetsk,Russia
NLD,Nuevo Laredo,Mexico
OER,Ornskoldsvik,Sweden
ITM,Osaka,Japan - Itami
UVE,Ouvea,New Caledonia
PLM,Palembang,Indonesia
ORY,Paris,France - Orly
PHB,Parnaiba,PI Brazil
PWQ,Pavlodar,Kazakhstan
PKU,Pekanbaru,Indonesia
PES,Petrozavodsk,Russia
PNH,Phnom Penh,Cambodia
PNK,Pontianak,Indonesia
BPS,Porto Seguro,Brazil
ULP,Quipi,QL Australia
RJH,Rajshahi,Bangladesh
RBE,Ratanakiri,Cambodia
RAZ,Rawala Kot,Pakistan
RUH,Riyadh,Saudi Arabia
RIY,Riyan Mukalla,Yemen
ROT,Rotorua,New Zealand
XPZ,Saint Tropez,France
EAS,San Sebastian,Spain
STM,Santarem,PA Brazil
GEL,Santo Angelo,Brazil
SLZ,Sau Luiz,MA Brazil
CIT,Shimkent,Kazakhstan
SOC,Solo City,Indonesia
UVF,St. Lucia,St. Lucia
THS,Sukhotthai,Thailand
TMR,Tamanrasset,Algeria
TMM,Tamatave,Madagascar
TMC,Tambolaka,Indonesia
TRO,Taree,NS Australia
TAS,Tashkent,Uzbekistan
TEU,Te Anau,New Zealand
THE,Teresina,PI Brazil
SKG,Thessaloniki,Greece
TGM,Tirgu Mures,Romania
TMG,Tomanggong,Malaysia
TOU,Touho,New Caledonia
TUI,Turaif,Saudi Arabia
UTH,Udon Thani,Thailand
ULD,Ulundi,South Africa
UTT,Umtata,South Africa
JUV,Upernavik,Greenland
XVS,Valenciennes,France
VUP,Valledupar,Colombia
VAG,Varginha,MG Brazil
VQS,Vieques,Puerto Rico
VSA,Villahermosa,Mexico
WEI,Weipa,QL Australia
WIC,Wick,United Kingdom
OGN,Yonaguni Jima,Japan
OUZ,Zouerate,Mauritania
AGV,Acarigua,Venezuela
ADL,Adelaide,Australia
AER,Adler/Sochi,Russia
AHU,Al Hoceima,Morocco
AOR,Alorsetar,Malaysia
IVA,Ambanja,Madagascar
APW,Apia,Western Samoa
FGI,Apia,Western Samoa
ARM,Armidale,Australia
BFQ,Bahia Pinas,Panama
BDH,Bandar Lengeh,Iran
BZL,Barisal,Bangladesh
BHS,Bathurst,Australia
BEU,Bedourie,Australia
BKS,Bengkulu,Indonesia
BHH,Bisha,Saudi Arabia
FRU,Bishkek,Kyrgyzstan
BKQ,Blackall,Australia
HBE,Borg El Arab,Egypt
BNN,Bronnoysund,Norway
BHK,Bukhara,Uzbekistan
BXU,Butuan,Philippines
CRD,Camodoro,Argentina
CBR,Canberra,Australia
CCF,Carcassonne,France
CTG,Cartagena,Colombia
CUP,Carupani,Venezuela
CEE,Cherepovets,Russia
CEE,Chevepovets,Russia
CBB,Cochabamba,Bolivia
CTN,Cooktown,Australia
CPH,Copenhagen,Denmark
CCV,Craig Cove,Vanuatu
DIR,Dire Dawa,Ethiopia
VIG,El Vigia,Venezuela
ESM,Esmeraldas,Ecuador
FAJ,Fajard,Puerto Rico
FEG,Fergana,Uzbekistan
FLA,Florencia,Colombia
ZBJ,Fredericia,Denmark
GVA,Geneva,Switzerland
GIZ,Gizan,Saudi Arabia
GLF,Golfito,Costa Rica
OYA,Goya,CR Argentina
GFF,Griffith,Australia
GDL,Guadalajara,Mexico
KUV,Gunsan,South Korea
HAC,Hachijo Jima,Japan
HDB,Heidelberg,Germany
HOF,Hofuf,Saudi Arabia
HVG,Honningsvag,Norway
IVR,Inverell,Australia
IFJ,Isafjordur,Iceland
ISB,Islamabad,Pakistan
JAG,Jacobabad,Pakistan
DJJ,Jayapura,Indonesia
JSR,Jessore,Bangladesh
JPA,Joao Pessoa,Brazil
ABK,Kabri Dar,Ethiopia
KCF,Kadanwari,Pakistan
KAX,Kalbarri,Australia
KGD,Kaliningrad,Russia
KBX,Kambuaya,Indonesia
KBF,Karubaga,Indonesia
USM,Koh Samui,Thailand
KWG,Krivoy Rog,Ukraine
IRJ,La Rioja,Argentina
LGQ,Lago Agrio,Ecuador
LDU,Lahadbatu,Malaysia
LUV,Langguri,Indonesia
LIR,Liberia,Costa Rica
LIF,Lifa,New Caledonia
LJG,Lijiang City,China
LVI,Livingstone,Zambia
LJU,Ljubliana,Slovenia
LPQ,Luang Prabang,Laos
LUG,Lugano,Switzerland
MJN,Majunga,Madagascar
MCX,Makhachkala,Russia
MNL,Manila,Philippines
MZL,Manizales,Colombia
MEE,Mare,New Caledonia
MII,Marilia,SP Brazil
MGF,Maringa,PR Brazil
MUH,Mersa Matruh,Egypt
MEX,Mexico City,Mexico
MMD,Minami Daito,Japan
MCM,Monte Carlo,Monaco
MVD,Montevideo,Uruguay
MPL,Montpellier,France
MXM,Morambe,Madagascar
APL,Nampula,Mozambique
INU,Nauru Island,Nauru
WNS,Nawabshah,Pakistan
NHA,Nha Trang,Viet Nam
NTT,Niuatoputapu,Tonga
OMD,Oranjemund,Namibia
HOV,Orsta-Volda,Norway
OZZ,Ouarzazate,Morocco
PET,Pelotas,RS Brazil
THU,Pituffik,Greenland
PNI,Pohnpei,Micronesia
PNR,Pointe Noire,Congo
PMV,Porlamar,Venezuela
PVO,Portoviejo,Ecuador
PMC,Puerto Montt,Chile
PUQ,Punta Arenas,Chile
PND,Punta Gorda,Belize
JJU,Qaqortoq,Greenland
RAH,Rafha,Saudi Arabia
RSD,Rock Sound,Bahamas
RMA,Roma,QL Australia
SVB,Sambaua,Madagascar
VVI,Santa Cruz,Bolivia
RIA,Santa Maria,Brazil
SXK,Saumlaki,Indonesia
SVL,Savonlinna,Finland
SRG,Semarang,Indonesia
REP,Siem Reap,Cambodia
JHS,Sisimiut,Greenland
DWB,Soalala,Madagascar
EBU,St. Etienne,France
SUB,Surabaya,Indonesia
TUU,Tabuk,Saudi Arabia
TGJ,Tiga,New Caledonia
TIU,Timaru,New Zealand
THN,Trollhattan,Sweden
TUV,Tucupita,Venezuela
TUR,Tucurui,PA Brazil
UBA,Uberaba,MG Brazil
UGC,Urgench,Uzbekistan
UMD,Uummannaq,Greeland
VLN,Valencia,Venezuela
VII,Vinh City,Viet Nam
OGZ,Vladikavkaz,Russia
VVO,Vladivostok,Russia
VOH,Vohemar,Madagascar
WGP,Waingapo,Indonesia
WVB,Walvis Bay,Namibia
WKA,Wanaka,New Zealand
AGE,Wangerooge,Germany
EJH,Wedjh,Saudi Arabia
GWT,Westerland,Germany
XKH,Xieng Khouang,Laos
YNB,Yanbu,Saudi Arabia
OZH,Zaporozhye,Ukraine
ZRH,Zurich,Switzerland
JEG,Aasiaat,Greenland
AHB,Abha,Saudi Arabia
AKX,Almaty,Kazakhstan
AXA,Anguilla,Anguilla
ANF,Antofagasta,Chile
APO,Apartado,Colombia
RAE,Arar,Saudi Arabia
ARH,Arkangelsk,Russia
AJR,Arvidsjaur,Sweden
TSE,Astana,Kazakhstan
ASU,Asuncion,Paraguay
GUW,Atyrau,Kazakhstan
AUU,Aurukun,Australia
AYW,Ayawaki,Indonesia
BJR,Baharpar,Ethiopia
BAY,Baia Mare,Romania
BNK,Ballina,Australia
BND,Bandar Abbas,Iran
BDO,Bandung,Indonesia
BNS,Barinas,Venezuela
BSO,Basco,Philippines
BSL,Basel,Switzerland
BJF,Batsfijord,Norway
BLG,Belaga,Mozambique
BBI,Bhubaneswar,India
NTI,Bintuni,Indonesia
BZV,Brazzaville,Congo
BJM,Bujumbura,Burundi
BUQ,Bulawayo,Zimbabwe
BFV,Buri Ram,Thailand
CAS,Canaima,Venezuela
CAP,Cap Haitien,Haiti
CCS,Caracas,Venezuela
CAQ,Caucasia,Colombia
CHX,Changuinda,Panama
CSY,Cheboksary,Russia
CEK,Chelybinsk,Russia
CMB,Colombo,Sri Lanka
CND,Constanta,Romania
COR,Cordoba,Argentina
CVJ,Cuernavaca,Mexico
TAE,Daegu,South Korea
DIY,Diyarbakir,Turkey
JIB,Djibouti,Djibouti
DBV,Dubrovnik,Croatia
ESR,El Salvador,Chile
EYP,El Yopal,Colombia
EBA,Elba Island,Italy
EMD,Emerald,Australia
ENF,Enontekio,Finland
FKQ,Fak Fak,Indonesia
FLF,Flensburg,Germany
FMA,Formosa,Argentina
MVB,Franceville,Gabon
GBE,Gaborone,Botswana
GPS,Galapagos,Ecuador
GEO,Georgetown,Guyana
GFN,Grafton,Australia
BJX,Guanajuato,Mexico
GYE,Guayaquil,Ecuador
HAS,Hail,Saudi Arabia
HFT,Hammerfest,Norway
HGL,Helgoland,Germany
HMO,Hermosillo,Mexico
HUV,Hudiksvall,Sweden
IMP,Imperatriz,Brazil
IAM,In Amenas,Algeria
INN,Innsbruck,Austria
CGK,Jakarta,Indonesia
AJF,Jouf,Saudi Arabia
JYV,Jyvaskyla,Finland
KBL,Kabul,Afghanistan
KDO,Kadhonoo,Maldives
ZKB,Kasaba Bay,Zambia
KAW,Kawthaung,Myanmar
EFL,Kefallinia,Greece
KDI,Kendari,Indonesia
KUS,Kulusuk,Greenland
LCE,La Ceiba,Honduras
LLI,Lalibela,Ethiopia
LNB,Lamen Bay,Vanuatu
LGK,Langkawi,Malaysia
LAO,Laoag,Philippines
LRH,Larochelle,France
LTQ,Le Touquet,France
LYG,Lianyungang,China
LMM,Los Mochis,Mexico
LXG,Luang Namtha,Laos
MCP,Macapa,AP Brazil
MCZ,Maceio,AL Brazil
PTF,Malololailai,Fiji
MGA,Managua,Nicaragua
MAO,Manaus,AM Brazil
ZLO,Manzanillo,Mexico
MTS,Manzini,Swaziland
MPM,Maputo,Mozambique
MRE,Mara Lodges,Kenya
MAB,Maraba,PA Brazil
MYC,Maracay,Venezuela
MHQ,Mariehamn,Finland
AMI,Mataram,Indonesia
MUN,Maturin,Venezuela
MNU,Maulmyine,Myanmar
MOF,Maumere,Indonesia
MYG,Mayaguana,Bahamas
MKQ,Merauke,Indonesia
ETZ,Metz/Nancy,France
MMY,Miyako Jima,Japan
MGQ,Mogadishu,Somalia
MPK,Mokpo,South Korea
MTR,Monteria,Colombia
MTV,Mota Lava,Vanuatu
MVS,Mucuri,BA Brazil
MYT,Myitkyina,Myanmar
MNC,Nacala,Mozambique
NNM,Naryan-Mar,Russia
NUX,NayUrengoy,Russia
EGL,Neghelli,Ethiopia
NSN,Nelso,New Zealand
NER,Neryjungri,Russia
NRD,Norderney,Germany
NRK,Norrkoping,Sweden
GER,Nueva Gerona,Cuba
NNX,Nunukan,Indonesia
NUE,Nuremberg,Germany
OCJ,Ocho Rios,Jamaica
OKL,Oksibil,Indonesia
OSK,Oskarshamn,Sweden
JFR,Paamiut,Greenland
PAD,Paderborn,Germany
PCH,Palacios,Honduras
PLQ,Palanga,Lithuania
PMZ,Palmar,Costa Rica
PMW,Palmas,TO Brazil
PNL,Pantelleria,Italy
PMF,Parma/Milan,Italy
PEW,Peshawar,Pakistan
PSE,Ponce,Puerto Rico
POG,Port Gentil,Gabon
VLI,Port Vila,Vanuatu
PUT,Puttaparthi,India
XQP,Quepos,Costa Rica
UIH,Qui Nhon,Viet Nam
VKG,Rach Gia,Viet Nam
REC,Recife,PE Brazil
KEF,Reykjavik,Iceland
RIB,Riberalta,Bolivia
RCH,Riohacha,Colombia
VKG,Roch Gia,Viet Nam
RPN,Rosh Pina,Iceland
RVN,Rovaniemi,Finland
NMG,San Miguel,Panama
SUJ,Satu Mare,Romania
HIL,Shillavo,Ethiopia
SQG,Sintang,Indonesia
ZYL,Sylhet,Bangladesh
TIF,Taif,Saudi Arabia
TMU,Tambor,Costa Rica
TRK,Tarakan,Indonesia
TUO,Taupo,New Zealand
TMJ,Termez,Uzbekistan
TTE,Ternate,Indonesia
TBI,The Bight,Bahamas
THO,Thorshofn,Iceland
TSR,Timosoara,Romania
TKN,Tokunoshima,Japan
TOW,Toledo,PR Brazil
TJI,Trujillo,Honduras
TLE,Tulear,Madagascar
UDR,Udaipur,Indonesia
ULY,Uliastai,Mongolia
ULI,Ulithi,Micronesia
USN,Ulsan,South Korea
URA,Uralsk,Kazakhstan
UIK,Ust-Ilimsk,Russia
VHM,Vilhelmina,Sweden
VNO,Vilnius,Lithuania
VLK,Volgodonsk,Russia
WET,Wagethe,Indonesia
WAT,Waterford,Ireland
WJU,WonJu,South Korea
RSU,Yeosu,South Korea
ABS,Abu Simbel,Egypt
AEY,Akureyri,Iceland
AAY,Al Ghaydah,Yemen
ABX,Albury,Australia
ALY,Alexandria,Egypt
AUY,Aneityum,Vanuatu
ANG,Angouleme,France
ARU,Aracatuba,Brazil
AUX,Araguaina,Brazil
GYL,Argyle,Australia
AXM,Armenia,Colombia
ASF,Astrakhan,Russia
IXU,Aurangabad,India
BZI,Balikesir,Turkey
ABM,Bamaga,Australia
BKK,Bangkok,Thailand
BDU,Bardufoss,Norway
BRA,Barreiras,Brazil
BYU,Bayreuth,Germany
BEW,Beira,Mozambique
BTU,Bintulu,Malaysia
BIR,Biratragar,Nepal
RNN,Bornholm,Denmark
BQL,Boulia,Australia
BOJ,Bourgas,Bulgaria
BRK,Bourke,Australia
BME,Broome,Australia
BUD,Budapest,Hungary
BWT,Burnie,Australia
BZG,Bydgoszcz,Poland
CNS,Cairns,Australia
CSI,Casino,Australia
IXC,Chandigarh,India
CUU,Chihuahua,Mexico
CJL,Chitral,Pakistan
CJB,Coimbatore,India
CCP,Concepcion,Chile
COG,Condoto,Colombia
OTD,Contadora,Panama
CUM,Cumana,Venezuela
DAD,Da Nang,Viet Nam
DOL,Deauville,France
DNM,Denham,Australia
DTM,Dortmund,Germany
DZA,Dzaoudzi,Mayotte
EIB,Eisenach,Germany
EQS,Esquel,Argentina
FRS,Flores,Guatemala
FOR,Fortaleza,Brazil
FPO,Freeport,Bahamas
FNC,Funchal,Portugal
GEV,Gallivare,Sweden
GMB,Gambela,Ethiopia
GHE,Garachine,Panama
GDZ,Gelendzik,Russia
GHA,Ghardala,Algeria
GDQ,Gondari,Ethiopia
GND,Grenada,Grenada
GJA,Guanaja,Honduras
GUI,Guiria,Venezuela
LWN,Gyourmri,Armenia
BDA,Hamilton,Bermuda
HGA,Hargeisa,Somolia
HDY,Hat Yai,Thailand
HAU,Haugesund,Norway
HEL,Helsinki,Finland
HER,Heraklian,Greece
HBA,Hobart,Australia
HOK,Hooker,Australia
HHQ,Hualtin,Thailand
HLF,Hultsfred,Sweden
IGR,Iguazu,Argentina
ILA,Illaga,Indonesia
IPI,Ipiales,Colombia
IPE,Ipil,Philippines
JDZ,Jingdezhen,China
JPR,Ji-Parana,Brazil
JOI,Joinville,Brazil
JKG,Jonkoping,Sweden
AOK,Karpathos,Greece
KUN,Kaunas,Lithuania
KDD,Khuzdar,Pakistan
QJY,Kolobrzeg,Poland
KUA,Kuantan,Malaysia
KCH,Kuching,Malaysia
EUN,Laayoune,Morocco
LAJ,Lages,SC Brazil
LPI,Lampang,Thailand
LPA,Las Palmas,Spain
LET,Leticia,Colombia
LBV,Libreville,Gabon
LMN,Limbang,Malaysia
LPI,Linkoping,Sweden
LNE,Lonorore,Vanuatu
SJD,Los Cabos,Mexico
LUD,Luderitz,Namibia
MAQ,Mae Sot,Thailand
MKZ,Malacca,Malaysia
MNF,Mana Island,Fiji
MDC,Manado,Indonesia
MDL,Mandalay,Myanmar
MJA,Manja,Madagascar
MHG,Mannheim,Germany
MBX,Maribor,Slovenia
MPW,Mariupol,Ukraine
MRS,Marseille,France
MAM,Matamoros,Mexico
MJM,Mbuji Mayi,Congo
MMB,Memanbetsu,Japan
RDE,Merdey,Indonesia
MRD,Merida,Venezuela
MTT,Minatitla,Mexico
MYE,MiyakeJima,Japan
MQN,Mo I Rana,Norway
MIR,Monastir,Tunisia
ROB,Monrovia,Liberia
MTY,Monterrey,Mexico
MDG,Mudanjiang,China
DGE,Mudgee,Australia
FMO,Muenster,Germany
NBX,Nabire,Indonesia
WNP,Naga,Philippines
JNS,Narsaq,Greenland
NAT,Natal,RN Brazil
GON,New London/Groton,
NGI,Ngau Island,Fiji
IUE,Niue Island,Niue
NOJ,Nojabrxsk,Russia
TBU,Nuku'Alofa,Tonga
NCU,Nukus,Uzbekistan
OND,Ondangwa,Namibia
OSD,Ostersund,Sweden
PDG,Padang,Indonesia
PJG,Panjger,Pakistan
POL,Pemba,Mozambique
PEI,Pereira,Colombia
PGX,Perigueux,France
PGF,Perpignan,France
PLJ,Placencia,Belize
PYJ,Polyarnyj,Russia
IXZ,Port Blair,India
PZU,Port Sudan,Sudan
PAZ,Poza Rico,Mexico
RAI,Praia,Cape Verde
QRO,Queretaro,Mexico
RAT,Raduzhnyi,Russia
SZG,Salzburg,Austria
ZVK,Savannakhet,Laos
ZEG,Senggo,Indonesia
SOJ,Sorkjosen,Norway
STW,Stavropol,Russia
SVG,Stavanger,Norway
THL,Tachilek,Myanmar
TAP,Tapachula,Mexico
TMX,Timimoun,Algeria
TDD,Trinidad,Bolivia
TRD,Trondheim,Norway
UDJ,Uzhgorod,Ukraine
VLV,Valera,Venezuela
VLS,Valesdir,Vanuatu
VBV,Vanuabalavu,Fiji
VOG,Volgograd,Russia
WHF,Wadi Halfa,Sudan
WMX,Wamena,Indonesia
WSR,Wasior,Indonesia
YAO,Yaounde,Cameroon
IAR,Yaroslavl,Russia
UGU,Zugapa,Indonesia
AAL,Aalborg,Denmark
AES,Aalesund,Norway
ACA,Acapulco,Mexico
AMD,Ahmedabad,India
ALG,Algiers,Algeria
ATM,Altamira,Brazil
AMQ,Ambon,Indonesia
AGD,Anggi,Indonesia
AUC,Arauca,Colombia
ARK,Arusha,Tanzania
AKJ,Asahikawa,Japan
AUR,Aurillac,France
BAH,Bahrain,Bahrain
BAK,Baku,Azerbaijan
BBA,Balmaceda,Chile
BLR,Bangalore,India
BCN,Barcelona,Spain
BTH,Batam,Indonesia
BXM,Batom,Indonesia
EGO,Belgorod,Russia
BMD,Belo,Madagascar
BEJ,Berau,Indonesia
BBO,Berbera,Somalia
EGC,Bergerac,France
BVG,Berlevag,Norway
BDA,Bermuda,Bermuda
BDP,Bhadrapur,Nepal
BHR,Bharatpur,Nepal
BHU,Bhavnagar,India
BIQ,Biarritz,France
BLL,Billund,Denmark
BLZ,Blantyre,Malawi
BVB,Boavista,Brazil
BOG,Bogota,Colombia
BOD,Bordeaux,France
BLE,Borlange,Sweden
BSA,Bossaro,Somalia
BKZ,Bukoba,Malaysia
UUA,Bulgulma,Russia
CBQ,Calabar,Nigeria
CPE,Campeche,Mexico
CPQ,Campinas,Brazil
CAC,Cascavel,Brazil
CED,Cedun,Australia
ZBR,Chah-Bahar,Iran
CMF,Chambery,France
CGQ,Changchun,China
CZX,Changzhou,China
CTM,Chetumal,Mexico
CKG,Chongqing,China
CVC,Cleve,Australia
CAZ,Cobar,Australia
CCM,Criciuma,Brazil
CUC,Cucata,Colombia
CUL,Culiacan,Mexico
CWB,Curitiba,Brazil
DRH,Dabra,Indonesia
DLU,Dali City,China
DGA,Dangriga,Belize
DRB,Derby,Australia
DSE,Dessie,Ethiopia
DIB,Dibrugarn,India
DOD,Dodoma,Tanzania
CFN,Donegal,Ireland
DOK,Donetsk,Ukraine
DOU,Dourados,Brazil
DLA,Dovala,Cameroon
DRS,Dresden,Germany
DBO,Dubbo,Australia
DUM,Dumai,Indonesia
ELF,El Fasher,Sudan
ELU,El Oved,Algeria
ERC,Erzincan,Turkey
VDB,Fagernes,Norway
FKS,Fukushima,Japan
GOV,Garoua,Cameroon
GZT,Gaziatep,Turkey
GIL,Gilgit,Pakistan
GNB,Grenoble,France
GRY,Grimsey,Iceland
CAN,Guangzhou,China
GAO,Guantanamo,Cuba
GWD,Gwadar,Pakistan
HAD,Halmstad,Sweden
HAJ,Hanover,Germany
HRE,Harare,Zimbabwe
HMV,Hermavan,Sweden
XAK,Herning,Denmark
HUX,Huatulco,Mexico
HYD,Hyderabad,India
IBE,Ibague,Colombia
IOA,Ioannina,Greece
IPN,Ipatinga,Brazil
ISG,Ishigakij,Japan
IST,Istanbul,Turkey
ITB,Itaituba,Brazil
DJB,Jambi. Indonesia,
JGN,Jiayuguan,China
JIJ,Jijiga,Ethiopia
JIW,Jiwani,Pakistan
JOE,Joensuu,Finland
JUJ,Jujuy,Argentina
KAJ,Kajaani,Finland
KCD,Kamur,Indonesia
KAB,Kariba,Zimbabwe
BBK,Kasane,Botswana
KTM,Kathmandu,Nepal
KTW,Katowice,Poland
HJR,Khajuraho,India
HRK,Kharkov,Ukraine
TKQ,Kigoma,Tanzania
KTD,Kitadaito,Japan
KTT,Kittila,Finland
OSZ,Koszalin,Poland
CCJ,Kozhikode,India
KUT,Kutaisi,Georgia
KAO,Kuusamo,Finland
LCG,La Coruna,Spain
PLP,La Palma,Panama
LSC,La Serena,Chile
LBU,Labuan,Malaysia
LHE,Lahore,Pakistan
LMP,Lampedusa,Italy
ACE,Lanzarote,Spain
LEH,Le Havre,France
LEJ,Leipzig,Germany
LLW,Lilongwe,Malawi
LIS,Lisbon,Portugal
LOD,Longana,Vanuatu
LUW,Luwuk,Indonesia
LYC,Lyoksele,Sweden
MCH,Machala,Ecuador
MMO,Maio,Cape Verde
MQX,Makale,Ethiopia
IXE,Mangalore,India
MZO,Manzanillo,Cuba
MVR,Marova,Cameroon
MUR,Marudi,Malaysia
MMJ,Matsumoto,Japan
MYJ,Matsuyama,Japan
MZT,Mazatlan,Mexico
MES,Medan,Indonesia
MXL,Mexicali,Mexico
MIK,Mikkeli,Finland
LOV,Monclova,Mexico
MYW,Mtwara,Tanzania
MLH,Mulhouse,France
LII,Mulia,Indonesia
MUX,Multan,Pakistan
MMK,Murmansk,Russia
MUZ,Musoma,Tanzania
MWZ,Mwanza,Tanzania
MJT,Mytilene,Greece
EMN,Nema,Mauritania
NFO,Niuafo'ou,Tonga
NSK,Noril'sk,Russia
NVR,Novgorod,Russia
OBD,Obano,Indonesia
OHD,Ohrid,Macedonia
OKQ,Okaba,Indonedia
REN,Orenburg,Russia
ORW,Ormara,Pakistan
OGX,Ouargla,Algeria
PQM,Palenque,Mexico
PEN,Penang,Malaysia
HKT,Phuket,Thailand
PIF,Pingtung,Taiwan
PXU,Pleiku,Viet Nam
PLV,Poltava,Ukraine
PBD,Porbandar,India
UET,Quetta,Pakistan
UIB,Quibdo,Colombia
UNN,Ranong,Thailand
REX,Reynossa,Mexico
RTB,Roatan,Honduras
SLY,Salehard,Russia
SLW,Saltillo,Mexico
ZRM,Sarmi,Indonesia
ZRI,Servi,Indonesia
SZM,Sesriem,Namibia
SNN,Shannon,Ireland
NKD,Sinak,Indonesia
JSI,Skiathos,Greece
SOO,Soderham,Sweden
SOG,Sognolal,Norway
SOD,Sorocaba,Brazil
SQO,Storuman,Sweden
SVJ,Svolvaer,Norway
SZZ,Szczecin,Poland
TBJ,Tabarka,Tunisia
TBO,Tabora,Tanzania
TXG,Taichung,Taiwan
TLL,Tallinn,Estonia
TMP,Tampere,Finland
TNG,Tangier,Morocco
TRA,Taramajma,Japan
TRW,Tarawa,Kiribati
TBS,Tbilisi,Georgia
TCH,Tchibanga,Gabon
TFF,Tefe,AM Brazil
TLV,Tel Aviv,Israel
TET,Tete,Mozambique
SNW,Thandwe,Myanmar
TIN,Tindouf,Algeria
TOD,Tioman,Malaysia
TLM,Tlemcen,Algeria
TKS,Tokushima,Japan
TOM,Tombouctou,Mali
TLS,Toulouse,France
TKK,Truk,Micronesia
TCO,Tumaco,Colombia
TUK,Turbat,Pakistan
UUD,Ulan-Ude,Russia
UTP,Utapao,Thailand
VRK,Varkaus,Finland
VST,Vasteras,Sweden
VER,Veracruz,Mexico
VTB,Vitebsk,Belarus
VOZ,Voronezh,Russia
WBA,Wahai,Indonesia
EVN,Yerevan,Armenia
RNJ,Yoronjima,Japan
ZHA,Zhanjiang,China
AGA,Agadir,Morocco
IXA,Agartala,India
AJA,Ajaccio,France
AAC,Al Arish,Egypt
ALC,Alicante,Spain
ASV,Amboseli,Kenya
AMV,Amderma,Russia
ATQ,Amritsar,India
ANX,Andenes,Norway
ASD,Andros,Bahamas
AAE,Annaba,Algeria
AYT,Antalya,Turkey
AAG,Arapoti,Brazil
ASM,Asmara,Eritrea
AVN,Avignon,France
BXB,Babo,Indonesia
BXD,Bade,Indonesia
IXB,Bagdogra,India
BNP,Bannu,Pakistan
BBN,Bario,Malaysia
BAX,Barnaul,Russia
BUS,Batumi,Georgia
CBH,Bechar,Algeria
BEI,Beica,Ethiopia
BEY,Beirut,Lebanon
BJA,Bejaia,Algeria
BEN,Benghazi,Libya
BZR,Beziers,France
BWA,Bhairawa,Nepal
BIK,Biak,Indonesia
BMU,Bima,Indonesia
BIM,Bimini,Bahamas
NSB,Bimini,Bahamas
BSK,Biskra,Algeria
BMK,Borkum,Germany
BRE,Bremen,Germany
BDS,Brindisi,Italy
UUA,Bugulma,Russia
CAG,Cagliari,Italy
CJA,Cajamarca,Peru
CCU,Calcutta,India
CKS,Carajas,Brazil
DCM,Castres,France
CHG,Chaoyang,China
XAP,Chapeco,Brazil
CMJ,Chi Mei,Taiwan
CIP,Chipata,Zambia
CIJ,Cobija,Bolivia
CUQ,Coen,Australia
CKY,Conakry,Guinea
CZE,Coro,Venezuela
CZH,Corozal,Belize
CMG,Corumba,Brazil
CZM,Cozumel,Mexico
CUE,Cuenca,Ecuador
VIL,Dakhla,Morocco
DLM,Dalaman,Turkey
DNZ,Denizli,Turkey
DIL,Dili,Indonesia
DJG,Djanet,Algeria
DJE,Djerba,Tunisia
DOB,Dobo,Indonesia
DUB,Dublin,Ireland
DNH,Dunhuang,China
DGO,Durango,Mexico
EDO,Edremit,Turkey
EBD,El Obeid,Sudan
ELE,El Real,Panama
ENE,Ende,Indonesia
EBB,Entebbe,Uganda
ERF,Erfurt,Germany
ERZ,Erzurum,Turkey
EWE,Ewer,Indonesia
GWY,Galway,Ireland
GAU,Gawahati,India
GEB,Gebe,Indonesia
LTD,Ghadames,Libya
GYN,Goiania,Brazil
GOV,Gove,Australia
GYM,Guaymas,Mexico
HFS,Hagfors,Sweden
HKD,Hakodate,Japan
HGH,Hangzhou,China
HZG,Hanzhang,China
HTR,Hateruma,Japan
HOD,Hodeidah,Yemen
HOR,Horta,Portugal
HYN,Huargyan,China
HRG,Hurghada,Egypt
IGA,Inagua,Bahamas
IKT,Irkutsk,Russia
IZT,Ixtepec,Mexico
JGA,Jamnagar,India
JKR,Janakpur,Nepal
JIM,Jimma,Ethiopia
JHG,Jinghong,China
JJN,Jinjiang,China
BCO,Jinka,Ethiopia
JHB,Johor,Malaysia
KDL,Kardia,Estonia
ASR,Kayseri,Turkey
CFU,Kerkyra,Greece
FIH,Kinshasa,Congo
KBV,Krabi,Thailand
KUD,Kudat,Malaysia
UEO,Kumejima,Japan
KUO,Kuopio,Finland
LPB,La Paz,Bolivia
LKL,Lakselv,Norway
LAI,Lannion,France
LHW,Lanzhau,Guinea
LCA,Larnaca,Cyprus
LWY,Lawas,Malaysia
ZLN,Le Mans,France
LIG,Limoges,France
LDI,Lindi,Tanzania
LRT,Lorient,France
VSG,Lugansk,Uganda
FBM,Lumbashi,Congo
MFA,Mafia,Tanzania
GDX,Magadan,Russia
MLX,Malatya,Turkey
MSU,Maseru,Lesotho
MDK,Mbandaka,Congo
NDM,Mendi,Ethiopia
JMK,Mikonos,Greece
MRA,Misurata,Libya
MBE,Monbetsu,Japan
MLM,Morelia,Mexico
HAH,Moroni,Comoros
MJF,Mosjoen,Norway
MPA,Mpacha,Namibia
MKM,Mukan,Malaysia
MUC,Munich,Germany
NGS,Nagasaki,Japan
NAL,Nalchik,Russia
NAO,Nanchong,China
NEG,Negril,Jamaica
NVA,Neiva,Colombia
NIC,Nicosia,Cyprus
NUS,Norsup,Vanuatu
GOH,Nuuk,Greenland
NYU,Nyaung,Myanmar
ZBQ,Odense,Denmark
ODS,Odessa,Ukraine
OHO,Okhotsk,Russia
OIR,Okoshiri,Japan
OMR,Oradea,Romania
OSI,Osijek,Croatia
PLW,Palu,Indonesia
PNA,Pamplona,Spain
PSI,Pasni,Pakistan
PSO,Pasto,Colombia
PEX,Pechora,Russia
PRH,Phrae,Thailand
OPO,Porto,Portugal
UIP,Quimper,France
RJN,Rafsanjan,Iran
RJK,Rijeka,Croatia
RVK,Roervik,Norway
RNB,Ronneby,Sweden
SCL,Santiago,Chile
RTW,Saratov,Russia
ZBY,Sayaboury,Laos
PVG,Shanghai,China
SZX,Shenzhen,China
AKY,Sittwe,Myanmar
SOF,Sofia,Bulgaria
SXR,Srinagar,India
TTT,Taitung,Taiwan
TAM,Tampico,Mexico
TJA,Tarija,Bolivia
TWU,Tawau,Malaysia
TEE,Tbessa,Algeria
TTU,Tetuan,Morocco
TID,Tiaret,Algeria
TIJ,Tijuana,Mexico
TIE,Tippi,Ethiopia
TIA,Tirana,Albania
TIR,Tirupati,India
TGO,Tongliao,China
TGH,Tongoa,Vanuatu
TRC,Torreon,Mexico
TOH,Torres,Vanuatu
TOE,Tozeur,Tunisia
TZX,Trabzon,Turkey
TST,Trang,Thailand
TIP,Tripoli,Latvia
TSB,Tsumeb,Namibia
TSJ,Tsushima,Japan
TUA,Tulcan,Ecuador
UPN,Uruapan,Mexico
UII,Utila,Honduras
BDQ,Vadodara,India
ZAL,Valdivia,Chile
VLC,Valencia,Spain
VNS,Varanasi,India
VAR,Varna,Bulgaria
VIE,Vienna,Austria
BVH,Vilhena,Brazil
VKT,Vorkuta,Russia
WKJ,Wakkanai,Japan
WLH,Walaha,Vanuatu
WRO,Wroclaw,Poland
WUS,Wuyishan,China
XFN,Xiangfan,China
XIL,Xilinhot,China
YKS,Yakutsk,Russia
GAJ,Yamagata,Japan
YNZ,Yancheng,China
RGN,Yangon,Myanmar
YAP,Yap,Micronesia
INC,Yinchuan,China
ZAG,Zagreb,Croatia
ZAT,Zhaotong,China
CGO,Zhengzha,China
HSN,Zhoushan,China
IEG,Zielana,Poland
ABA,Abakan,Russia
ABV,Abuja,Nigeria
AZR,Adrar,Algeria
AHO,Alghero,Italy
LEI,Almeria,Spain
DYR,Anadyr,Russia
AWD,Aniwa,Vanuatu
NCY,Annecy,France
AQP,Arequipa,Peru
ASO,Asosa,Ethopia
ATH,Athens,Greece
BJZ,Badajcz,Spain
BJL,Banjul,Gambia
BSD,Baoshan,China
BIA,Bastia,France
BAL,Batman,Turkey
BLJ,Batna,Algeria
PEK,Beijing,China
BGO,Bergen,Norway
BMO,Bhamo,Myanmar
BJV,Bodrum,Turkey
BZO,Bolzano,Italy
BTK,Bratsk,Russia
BUO,Burao,Somalia
CLO,Cali,Colombia
CMW,Camaguey,Cuba
CAW,Campos,Brazil
CUN,Cancun,Mexico
CST,Castaway,Fiji
CTA,Catania,Italy
CGD,Changde,China
CHQ,Chania,Greece
MAA,Chennai,India
CTU,Chergdu,China
CYI,Chiayi,Taiwan
CIF,Chifeng,China
YAI,Chillan,Chile
CTD,Chitre,Panama
CLQ,Colima,Mexico
CPO,Copiapo,Chile
COC,Cotarou,Benin
CRV,Crotone,Italy
CGB,Cuiaba,Brazil
DKR,Dakar,Senegal
DMU,Dimapur,India
DNR,Dinard,France
DOG,Dongola,Sudan
EZS,Elazig,Turkey
EDL,Eldoret,Kenya
ESL,Elista,Russia
ENU,Enugu,Nigeria
EPL,Epinal,France
FAO,Faro,Portugal
FSC,Figari,France
FRC,Franca,Brazil
FUK,Fukuoka,Japan
GAF,Gafsa,Tunisia
GDN,Gdansk,Poland
EGN,Geneina,Sudan
GOB,Goba,Ethiopia
GOR,Gore,Ethiopia
GRX,Granada,Spain
KWE,Gulyang,China
GWL,Gwalior,India
HAA,Hasvik,Norway
HOE,Houeisay,Laos
IAA,Igarka,Russia
IOS,Ilheus,Brazil
IUL,Ilu,Indonesia
IPH,Ipoh,Malaysia
IPA,Ipota,Vanuatu
IQQ,Iquique,Chile
IVL,Ivalo,Finland
ZIH,Ixtapa,Mexico
JAL,Jalapa,Mexico
JMU,Jiamusi,China
GJL,Jijel,Algeria
JNZ,Jinzhou,China
JDH,Jodhpur,India
JUI,Juist,Germany
KAA,Kasama,Zambia
KVA,Kavala,Greece
KZN,Kazan,Russia
KGL,Kigali,Rwanda
NOC,Knock,Ireland
CCU,Kolkata,India
KRK,Krakow,Poland
KUH,Kushiro,Japan
KWI,Kuwait,Kuwait
LAP,La Paz,Mexico
LOS,Lagos,Nigeria
LPM,Lamap,Vanuatu
ZGC,Lanzhou,China
LTK,Latakia,Syria
LAD,Luanda,Angola
LPY,Le Puy,France
LKN,Leknes,Norway
LXS,Lemnos,Greece
LGG,Liege,Belgium
LZH,Liuzhou,China
LTO,Loreto,Mexico
LAD,Luanda,Angola
LKO,Lucknow,India
LYA,Luoyang,China
LUN,Lusaka,Zambia
XMS,Macas,Ecuador
IXM,Madurai,India
MWF,Maewo,Vanuatu
MKU,Makokou,Gabon
MZG,Makung,Taiwan
MAK,Malakai,Sudan
MLE,Male,Maldives
MYD,Malindi,Kenya
MEC,Manta,Ecuador
MUB,Maun,Botswana
MEH,Mehamn,Norway
MXZ,Meixian,China
MLN,Melilla,Spain
MAH,Menorca,Spain
MID,Merida,Mexico
MYY,Miri,Malaysia
MJZ,Mirnyj,Russia
MBA,Mombasa,Kenya
HNA,Morioka,Japan
MZV,Mulu,Malaysia
MGZ,Myeik,Myanmar
NDR,Nadar,Morocco
OSY,Namsos,Norway
NNG,Nanning,China
NTG,Nantong,China
NNY,Nanyang,China
NYK,Nanyuki,Kenya
NVK,Narvik,Norway
NDJ,Ndjamena,Chad
OAX,Oaxaca,Mexico
OBO,Obihiro,Japan
OKJ,Okayama,Japan
OKA,Okinawa,Japan
OLJ,Olpoi,Vanuatu
ODY,Oudomxay,Laos
OUD,Oujda,Morocco
PBJ,Paama,Vanuatu
PAF,Pakuba,Uganda
PFO,Paphos,Cyprus
GPA,Patras,Greece
PEG,Perugia,Italy
PSR,Pescara,Italy
PKR,Pokhara,Nepal
POZ,Poznan,Poland
PCL,Pucallpa,Peru
PBC,Puebla,Mexico
TAO,Qingdao,China
NDG,Qiqihar,China
UIO,Quito,Ecuador
RBA,Rabat,Morocco
RNS,Rennes,France
RIS,Rishiri,Japan
ZXM,Rognan,Norway
ROV,Rostov,Russia
KUF,Samara,Russia
UAS,Samburu,Kenya
SVU,Savusavu,Fiji
SWA,Shantou,China
IXS,Silchar,India
KVB,Skovde,Sweden
SXL,Sligo,Ireland
SPU,Split,Croatia
SRE,Sucre,Bolivia
TCG,Tacheng,China
TNN,Tainan,Taiwan
TYN,Taiyuan,China
TAH,Tanna,Vanuatu
TAR,Taranto,Italy
TPP,Tarapoto,Peru
TLC,Toluco,Mexico
TYF,Torsby,Sweden
TTB,Tortoli,Italy
TTJ,Tottori,Japan
TLN,Toulon,France
TPS,Trapani,Italy
TRS,Trieste,Italy
TOS,Tromso,Norway
TRU,Trujillo,Peru
TUN,Tunis,Tunisia
TKU,Turku,Finland
TJM,Tyumen,Russia
HLH,Ulanhot,China
USK,Usinsk,Russia
VAA,Vaasa,Finland
VAW,Vardoe,Norway
VRA,Varadero,Cuba
WXN,Wanxian,China
WAW,Warsaw,Poland
WNZ,Wenzhou,China
XIC,Xichang,China
EYL,Yelimane,Mali
YIH,Yichang,China
ZAD,Zadar,Croatia
PZH,Zhob,Pakistan
ADA,Adana,Turkey
AJL,Aizawl,India
AAQ,Anapa,Russia
AOI,Ancona,Italy
AQG,Anging,China
AKA,Ankang,China
AOJ,Aomori,Japan
AQJ,Aqaba,Jordan
AJU,Araca,Brazil
ARW,Arad,Romania
ADU,Ardabil,Iran
ATZ,Assiut,Egypt
BPX,Bangda,China
BAV,Baotou,China
BCA,Baracoa,Cuba
BUZ,Bashehr,Iran
BAU,Bauru,Brazil
BHY,Beihai,China
BEL,Belem,Brazil
BHO,Bhopal,India
BIO,Bilbao,Spain
BJB,Bojnord,Iran
BOM,Bombay,India
BNJ,Bonn,Germany
BES,Brest,France
CJC,Calama,Chile
CLY,Calvi,France
CIX,Chicayo,Peru
HTA,Chita,Russia
CLJ,Cluj,Romania
COK,Cochin,India
ONX,Colon,Panama
ORK,Cork,Ireland
DLC,Dalian,China
DAV,David,Panama
TVY,Dawe,Myanmar
DAX,Daxian,China
DYG,Dayang,China
DIJ,Dijon,France
EAE,Emae,Vanuata
ECN,Ercan,Cyprus
FRO,Floro,Norway
FOG,Foggia,Italy
FDE,Forde,Norway
FUG,Fuyang,China
FOC,Fuzhou,China
ZGU,Gaua,Vanuatu
GRO,Gerona,Spain
GOQ,Golmud,China
GUD,Goundam,Mali
GRZ,Graz,Austria
KWL,Guilin,China
HFA,Haifa,Israel
HAK,Haikou,China
HLD,Hailar,China
HRB,Harbin,China
HEH,Heno,Myanmar
HET,Hohhot,China
HOG,Holguin,Cuba
HUI,Hue,Viet Nam
IAS,Iasi,Romania
IMF,Imphal,India
IDR,Indore,India
IQT,Iquitos,Peru
IFN,Isfahan,Iran
ADB,Izmir,Turkey
JAI,Jaipur,India
JQE,Jaque,Panama
JIN,Jinja,Uganda
JMO,Jomsom,Nepal
JRH,Jorhat,India
JUL,Juliaca,Peru
KAN,Kano,Nigeria
UVL,Kharga,Egypt
KWY,Kiwayu,Kenya
KYA,Konya,Turkey
AKF,Kufrah,Libya
KYZ,Kyzyl,Russia
LNZ,Linz,Austria
LOH,Loja,Ecuador
LLA,Lulea,Sweden
LZO,Luzhou,China
LWO,Lvov,Ukraine
MAD,Madrid,Spain
AGP,Malaga,Spain
MMX,Malmo,Sweden
NGX,Manang,Nepal
MNR,Mangu,Zambia
MWE,Merave,Sudan
MFU,Mfume,Zambia
MSJ,Misawa,Japan
MNB,Moanda,Congo
MFF,Moanda,Gabon
MOL,Molde,Norway
MJL,Mouila,Gabon
BOM,Mumbai,India
MJV,Murcia,Spain
ZZU,Mzuzu,Malawi
NYM,Nadym,Russia
NGO,Nagoya,Japan
NAG,Nagpur,India
NNT,Nan,Thailand
NAP,Naples,Italy
MAT,Natadi,Congo
NLA,Ndola,Zambia
NIM,Niamey,Niger
FNI,Nimes,France
NGB,Ningbo,China
OMB,Omboue,Gabon
ORN,Oran,Algeria
OIM,Oshima,Japan
OTU,Otu,Colombia
OUL,Oulu,Finland
POR,Pori,Finland
PUY,Pula,Croatia
RAJ,Rajkot,India
IXR,Ranchi,India
RHO,Rhodes,Gabon
RMI,Rimini,Italy
RNE,Roane,France
RDZ,Rodez,France
RRS,Roros,Norway
URO,Rouen,France
SMI,Samos,Greece
SAH,Sana'a,Yemen
SSR,Sara,Vanuatu
GXF,Seiyun,Yemen
QFK,Selje,Norway
SYO,Shonai,Japan
VAS,Sivas,Turkey
SUL,Sui,Pakistan
TVU,Taveuni,Fiji
ZCO,Temuco,Chile
TPQ,Tepic,Mexico
TEZ,Tezpur,India
JTR,Thira,Greece
TSN,Tianjn,China
IKS,Tiksi,Russia
TOB,Tobruk,Libya
TOF,Tomsk,Russia
TUF,Tours,France
TOY,Toyama,Japan
TUJ,Tum,Ethiopia
UCT,Ukhta,Russia
ULB,Ulei,Vanuatu
URC,Urumqi,China
VDS,Vadso,Norway
YVR,Vancouver,BC
VAV,Vava'u,Tonga
VXO,Vaxjo,Sweden
VRN,Verona,Italy
VBY,Visby,Sweden
WEH,Weihai,China
WOT,Wonan,Taiwan
XMN,Xiamen,China
XNN,Xining,China
XUZ,Xuzhou,China
ENY,Yan'an,China
YNT,Yantai,China
YIN,Yining,China
YGJ,Yonago,Japan
ZAH,Zahedan,Iran
ZUH,Zhuhai,China
ABD,Abadan,Iran
ACC,Accra,Ghana
AGF,Agen,France
AJI,Agri,Turkey
AGJ,Aguni,Japan
AXT,Akita,Japan
ALF,Alta,Norway
AAT,Altay,China
AOT,Aosta,Italy
ARI,Arica,Chile
RUA,Arua,Uganda
AUA,Aruba,Aruba
ASW,Aswan,Egypt
BKO,Bamako,Mali
BYM,Bayamo,Cuba
BOO,Bodo,Norway
BWK,Bol,Croatia
BCQ,Brack,Libya
LEV,Bureta,Fiji
CFR,Caen,France
CAI,Cairo,Egypt
DEL,Delhi,India
ENH,Enshi,China
FEZ,Fez,Morocco
FUJ,Fukue,Japan
GAX,Gamba,Gabon
GOA,Genoa,Italy
ULU,Gulu,Uganda
HPA,HaApa,Tonga
HAV,Havana,Cuba
HFE,Hefei,China
HOQ,Hof,Germany
HTN,Hotan,China
IBZ,Ibiza,Spain
INA,Inta,Russia
IWJ,Iwami,Japan
IZO,Izumo,Japan
TNA,Jinan,China
IXJ,Jommu,India
JUZ,Juzha,China
KCZ,Kochi,Japan
ROR,Koror,Palau
LBS,Labasa,Fiji
LKB,Lakeba,Fiji
BJX,Leon,Mexico
LXA,Lhasa,China
LYI,Linyi,China
LUA,Lukla,Nepal
LXR,Luxor,Egypt
MFM,Macau,China
MLA,Malta,Malta
MHD,Mashad,Iran
MXX,Mora,Sweden
MCT,Muscat,Oman
NCE,Nice,France
NIX,Nioko,Congo
UYL,Nyala,Sudan
OLB,Olbia,Italy
OMS,Omsk,Russia
OSW,Orsk,Russia
OSL,Oslo,Norway
VDA,Ovda,Israel
PBH,Paro,Bhutan
PAT,Patna,India
PEE,Perm,Russia
IQM,Qiemo,China
RBJ,Rebun,Japan
RIX,Riga,Latvia
RET,Rost,Norway
SYX,Sanya,China
SYZ,Shiraz,Iran
SYM,Simao,China
EVG,Sveg,Sweden
TBZ,Tabriz,Iran
TBP,Tumbes,Peru
TXN,Tunxi,China
TRN,Turin,Italy
UME,Umea,Sweden
URJ,Uraj,Russia
OMH,Urmieh,Iran
WUH,Wuhan,China
YNJ,Yanji,China
YBP,Yibin,China
UYN,Yulin,China
ADE,Aden,Yemen
AGR,Agra,India
AWZ,Ahwaz,Iran
AKU,Aksu,China
AXK,Ataq,Yemen
BRI,Bari,Italy
BHJ,Bhuj,India
BOA,Boma,Congo
ICI,Cicia,Fiji
CUZ,Cuzco,Peru
DOH,Doha,Qatar
ETH,Elat,Italy
GHT,Ghat,Libya
GZM,Gozo,Malta
HUQ,Houn,Libya
LAU,Lamu,Kenya
LUM,Luxi,China
MFJ,Moala,Fiji
MZI,Mopti,Mali
MSR,Mus,Turkey
OIT,Oita,Japan
OYE,Oyem,Gabon
PKZ,Pakse,Laos
PUF,Pau,France
PIU,Piura,Peru
PNQ,Pune,India
RAS,Rasht,Iran
TCP,Taba,Egypt
TCQ,Tacna,Peru
TAI,Taiz,Yemen
UFA,Ufa,Russia
VAN,Van,Turkey
VGO,Vigo,Spain
YIW,Yiwu,China
DIU,Div,India
GOI,Goa,India
IXL,Leh,India
LIM,Lima,Peru
LFW,Lome,Togo
NAN,Nadi,Fiji
SUV,Suva,Fiji
UBJ,Ube,Japan
WUU,Wau,Sudan
AZD,Yazd,Iran
BXR,Bam,Iran
AMO,Mao,Chad
MOA,Moa,Cuba
GUM,Guam,